n,seed,alpha,method,obj,runtime,n_cuts,status,mip_gap,n_callbacks,callback_time,n_iterations,heur_runtime,heur_value,heur_status,heur_pool_size,solver_runtime,coalitions,n_coalitions,avg_coalition_size,css_feasible,n_lifted_added,n_basic_added,n_value_evals,heur_phase1_time,heur_phase2_time,heur_core_checks,heur_core_feasible,heur_coalitions,heur_payoffs,payoffs,timestamp
22,64,0.5,OCS_McC,15135.000036395648,3600.906,0,timeout,0.00790839441549831,,,,,,,,,"[(10,), (2, 20), (8, 12), (13, 16), (0, 1, 3, 4, 5, 6, 7, 9, 11, 14, 15, 17, 18, 19, 21)]",5,4.4,,,,,,,,,,,"{""0"": 0.0, ""1"": 0.0, ""2"": 0.0, ""3"": 0.0, ""4"": 0.0, ""5"": 0.0, ""6"": 0.0, ""7"": 0.0, ""8"": 0.0, ""9"": 0.0, ""10"": 644.0, ""11"": 0.0, ""12"": 1488.0, ""13"": 0.0, ""14"": 0.0, ""15"": 0.0, ""16"": 1518.0, ""17"": 10155.0, ""18"": 0.0, ""19"": 0.0, ""20"": 1330.0, ""21"": 0.0}",07-25 21:33:41
22,64,0.5,OCS_DL,15135.000453755656,3600.593,0,timeout,0.007290588594716625,,,,,,,,,"[(7, 10), (8, 12), (0, 1, 2, 3, 4, 5, 6, 9, 11, 13, 14, 15, 16, 17, 18, 19, 20, 21)]",3,7.33,,,,,,,,,,,"{""0"": 12377.0005, ""1"": 0.0, ""2"": 0.0, ""3"": 0.0, ""4"": 0.0, ""5"": 0.0, ""6"": 0.0, ""7"": 0.0, ""8"": 0.0, ""9"": 0.0, ""10"": 1270.0, ""11"": 0.0, ""12"": 1488.0, ""13"": 0.0, ""14"": 0.0, ""15"": 0.0, ""16"": 0.0, ""17"": 0.0, ""18"": 0.0, ""19"": 0.0, ""20"": 0.0, ""21"": 0.0}",07-25 22:33:44
22,64,0.5,lazy_McC,15125.000018222263,3600.383,62,timeout,0.009076551430109185,92,0.19929099082946777,,,,,,,"[(15,), (0, 6), (1, 18), (2, 20), (3, 19), (4, 5), (8, 12), (10, 21), (11, 17), (13, 16), (7, 9, 14)]",11,2.0,True,62,0,45,,,,,,,"{""0"": 732.0, ""1"": 748.0, ""2"": 619.9999, ""3"": 914.0, ""4"": 565.0, ""5"": 872.0, ""6"": 744.0003, ""7"": 625.0, ""8"": 821.0, ""9"": 568.0, ""10"": 669.0, ""11"": 488.0, ""12"": 667.0, ""13"": 699.9999, ""14"": 584.0, ""15"": 596.0, ""16"": 817.9998, ""17"": 758.0, ""18"": 660.0, ""19"": 600.0, ""20"": 710.0002, ""21"": 666.0}",07-25 23:33:49
22,64,0.5,lazy_DL,15091.0,3601.202,1205,timeout,0.012168033452864869,70,9.58837342262268,,,,,,,"[(3,), (17,), (0, 7), (1, 18), (2, 20), (4, 5), (6, 21), (8, 12), (9, 15), (10, 13), (11, 19), (14, 16)]",12,1.83,True,499,706,1978,,,,,,,"{""0"": 732.0, ""1"": 748.0, ""2"": 620.0, ""3"": 878.0, ""4"": 591.0, ""5"": 846.0, ""6"": 747.0, ""7"": 630.0, ""8"": 821.0, ""9"": 590.0, ""10"": 644.0, ""11"": 488.0, ""12"": 667.0, ""13"": 694.0, ""14"": 561.0, ""15"": 596.0, ""16"": 844.0, ""17"": 717.0, ""18"": 660.0, ""19"": 641.0, ""20"": 710.0, ""21"": 666.0}",07-26 00:33:54
22,64,0.5,lazy_MIP_McC,15125.000018222263,3600.959,63,timeout,0.009095178690134573,92,0.684924840927124,,,,,,,"[(15,), (0, 6), (1, 18), (2, 20), (3, 19), (4, 5), (8, 12), (10, 21), (11, 17), (13, 16), (7, 9, 14)]",11,2.0,True,63,0,46,,,,,,,"{""0"": 732.0, ""1"": 748.0, ""2"": 619.9999, ""3"": 914.0, ""4"": 565.0, ""5"": 872.0, ""6"": 744.0003, ""7"": 625.0, ""8"": 821.0, ""9"": 568.0, ""10"": 669.0, ""11"": 488.0, ""12"": 667.0, ""13"": 699.9999, ""14"": 584.0, ""15"": 596.0, ""16"": 817.9998, ""17"": 758.0, ""18"": 660.0, ""19"": 600.0, ""20"": 710.0002, ""21"": 666.0}",07-26 01:33:58
22,64,0.5,lazy_MIP_DL,15119.000005984784,3601.844,1250,timeout,0.010264337218381795,57,9.466912746429443,,,,,,,"[(1,), (0, 6), (2, 20), (3, 19), (4, 5), (8, 21), (10, 15), (11, 17), (12, 18), (13, 16), (7, 9, 14)]",11,2.0,True,456,794,1753,,,,,,,"{""0"": 732.0, ""1"": 748.0, ""2"": 620.0, ""3"": 907.0, ""4"": 565.0, ""5"": 872.0, ""6"": 744.0, ""7"": 625.0001, ""8"": 794.0, ""9"": 567.9997, ""10"": 644.0, ""11"": 529.0, ""12"": 685.0, ""13"": 700.0, ""14"": 584.0001, ""15"": 619.0, ""16"": 818.0, ""17"": 717.0, ""18"": 654.0, ""19"": 600.0, ""20"": 710.0, ""21"": 684.0}",07-26 02:34:04
22,64,1.0,OCS_McC,15341.0,3.339,0,optimal,7.740694869968183e-05,,,,,,,,,"[(0, 1, 2, 3, 4, 5, 6, 7, 8, 9, 10, 11, 12, 13, 14, 15, 16, 17, 18, 19, 20, 21)]",1,22.0,,,,,,,,,,,"{""0"": 15341.0, ""1"": 0.0, ""2"": 0.0, ""3"": 0.0, ""4"": 0.0, ""5"": 0.0, ""6"": 0.0, ""7"": 0.0, ""8"": 0.0, ""9"": 0.0, ""10"": 0.0, ""11"": 0.0, ""12"": 0.0, ""13"": 0.0, ""14"": 0.0, ""15"": 0.0, ""16"": 0.0, ""17"": 0.0, ""18"": 0.0, ""19"": 0.0, ""20"": 0.0, ""21"": 0.0}",07-26 05:34:21
22,64,1.0,OCS_DL,15341.0,0.853,0,optimal,7.740694869932613e-05,,,,,,,,,"[(0, 1, 2, 3, 4, 5, 6, 7, 8, 9, 10, 11, 12, 13, 14, 15, 16, 17, 18, 19, 20, 21)]",1,22.0,,,,,,,,,,,"{""0"": 15341.0, ""1"": 0.0, ""2"": 0.0, ""3"": 0.0, ""4"": 0.0, ""5"": 0.0, ""6"": 0.0, ""7"": 0.0, ""8"": 0.0, ""9"": 0.0, ""10"": 0.0, ""11"": 0.0, ""12"": 0.0, ""13"": 0.0, ""14"": 0.0, ""15"": 0.0, ""16"": 0.0, ""17"": 0.0, ""18"": 0.0, ""19"": 0.0, ""20"": 0.0, ""21"": 0.0}",07-26 05:34:25
22,64,1.0,lazy_McC,15322.000003132276,3600.469,9654,timeout,0.0013175497234554155,219,83.38981509208679,,,,,,,"[(10, 13), (2, 4, 7), (9, 11, 14, 18, 20), (12, 15, 16, 17, 19), (0, 1, 3, 5, 6, 8, 21)]",5,4.4,True,9654,0,18056,,,,,,,"{""0"": 752.0, ""1"": 755.0, ""2"": 659.0, ""3"": 899.0, ""4"": 565.0, ""5"": 865.0, ""6"": 738.0, ""7"": 640.0, ""8"": 810.0, ""9"": 563.0, ""10"": 662.0, ""11"": 524.0003, ""12"": 667.0, ""13"": 683.0, ""14"": 591.0002, ""15"": 639.0, ""16"": 851.0, ""17"": 762.0, ""18"": 674.9995, ""19"": 630.0, ""20"": 694.0, ""21"": 698.0}",07-26 05:34:26
22,64,1.0,lazy_DL,15275.0,3601.292,7972,timeout,0.004398527004903553,232,61.16662812232971,,,,,,,"[(0, 14), (2, 6), (8, 12), (11, 18, 19), (1, 9, 10, 21), (7, 13, 15, 17), (3, 4, 5, 16, 20)]",7,3.14,True,7972,0,12194,,,,,,,"{""0"": 762.0, ""1"": 764.0, ""2"": 620.0, ""3"": 894.0, ""4"": 573.0, ""5"": 864.0, ""6"": 758.0, ""7"": 623.0, ""8"": 794.0, ""9"": 570.0, ""10"": 654.0, ""11"": 491.0, ""12"": 694.0, ""13"": 691.0, ""14"": 561.0, ""15"": 639.0, ""16"": 849.0, ""17"": 747.0, ""18"": 681.0, ""19"": 654.0, ""20"": 694.0, ""21"": 698.0}",07-26 06:34:29
22,64,1.0,lazy_MIP_McC,15327.0,3600.953,8698,timeout,0.0009908984144899053,222,81.94452953338623,,,,,,,"[(12, 16, 17, 19), (9, 11, 14, 18, 20), (0, 3, 5, 7, 8, 21), (1, 2, 4, 6, 10, 13, 15)]",4,5.5,True,8698,0,15282,,,,,,,"{""0"": 754.0, ""1"": 756.0, ""2"": 664.0, ""3"": 900.0, ""4"": 580.0, ""5"": 870.0, ""6"": 737.0, ""7"": 630.0, ""8"": 802.0, ""9"": 563.0, ""10"": 652.0, ""11"": 521.0, ""12"": 667.0, ""13"": 696.0, ""14"": 591.0, ""15"": 634.0, ""16"": 848.0, ""17"": 745.0, ""18"": 675.0, ""19"": 650.0, ""20"": 697.0, ""21"": 695.0}",07-26 07:34:36
22,64,1.0,lazy_MIP_DL,15300.000003786865,3600.429,3426,timeout,0.002757352692986019,107,23.175371170043945,,,,,,,"[(0, 13), (1, 12), (2, 14, 20), (6, 7, 18), (16, 17, 21), (3, 10, 11, 19), (4, 5, 8, 9, 15)]",7,3.14,True,3426,0,4997,,,,,,,"{""0"": 732.0, ""1"": 748.0, ""2"": 674.0, ""3"": 883.0, ""4"": 571.0, ""5"": 866.0, ""6"": 705.0, ""7"": 641.0, ""8"": 816.0, ""9"": 584.0, ""10"": 659.0, ""11"": 517.0, ""12"": 680.0, ""13"": 712.0, ""14"": 588.0, ""15"": 635.0, ""16"": 846.0, ""17"": 752.0, ""18"": 694.0, ""19"": 656.0, ""20"": 656.0, ""21"": 685.0}",07-26 08:34:39
24,66,0.5,OCS_McC,16374.061481469053,3606.849,0,timeout,0.0032129854403173523,,,,,,,,,"[(17,), (21,), (2, 16), (5, 15), (6, 14), (18, 20), (0, 1, 3, 4, 7, 8, 9, 10, 11, 12, 13, 19, 22, 23)]",7,3.43,,,,,,,,,,,"{""0"": 0.0, ""1"": 0.023, ""2"": 1329.0, ""3"": 0.0, ""4"": 0.0, ""5"": 0.0, ""6"": 1415.0, ""7"": 0.0, ""8"": 0.0, ""9"": 9419.0216, ""10"": 0.0, ""11"": 0.0169, ""12"": 0.0, ""13"": 0.0, ""14"": 0.0, ""15"": 1302.0, ""16"": 0.0, ""17"": 671.0, ""18"": 1409.0, ""19"": 0.0, ""20"": 0.0, ""21"": 829.0, ""22"": 0.0, ""23"": 0.0}",07-26 11:34:52
24,66,0.5,OCS_DL,16353.000117054868,3601.105,0,timeout,0.003079028943542025,,,,,,,,,"[(5,), (21,), (6, 14), (10, 15), (18, 20), (0, 1, 2, 3, 4, 7, 8, 9, 11, 12, 13, 16, 17, 19, 22, 23)]",6,4.0,,,,,,,,,,,"{""0"": 10763.0, ""1"": 0.0, ""2"": 0.0, ""3"": 0.0, ""4"": 0.0, ""5"": 696.0, ""6"": 1415.0, ""7"": 0.0, ""8"": 0.0, ""9"": 0.0, ""10"": 1241.0001, ""11"": 0.0, ""12"": 0.0, ""13"": 0.0, ""14"": 0.0, ""15"": 0.0, ""16"": 0.0, ""17"": 0.0, ""18"": 0.0, ""19"": 0.0, ""20"": 1409.0, ""21"": 829.0, ""22"": 0.0, ""23"": 0.0}",07-26 12:34:59
24,66,0.5,lazy_McC,16293.000064901473,3601.76,67,timeout,0.007563173465470203,93,0.22655940055847168,,,,,,,"[(9,), (21,), (0, 16), (1, 14), (2, 8), (3, 7), (4, 11), (5, 12), (6, 23), (10, 15), (13, 22), (17, 19), (18, 20)]",13,1.85,True,65,2,40,,,,,,,"{""0"": 706.0, ""1"": 519.0001, ""2"": 387.0, ""3"": 796.0, ""4"": 638.0, ""5"": 723.0, ""6"": 668.0, ""7"": 645.0, ""8"": 791.0, ""9"": 641.0, ""10"": 617.0, ""11"": 767.0, ""12"": 704.0, ""13"": 546.0, ""14"": 723.0, ""15"": 624.0, ""16"": 883.0, ""17"": 671.0, ""18"": 704.0, ""19"": 627.0, ""20"": 705.0, ""21"": 829.0, ""22"": 778.0, ""23"": 601.0}",07-26 13:35:04
24,66,0.5,lazy_DL,375.0,3600.747,1553,timeout,42.848682863993005,50,12.58480978012085,,,,,,,"[(0,), (1,), (2,), (3,), (4,), (5,), (6,), (7,), (8,), (9,), (10,), (11,), (12,), (13,), (14,), (15,), (16,), (17,), (18,), (19,), (20,), (21,), (22,), (23,)]",24,1.0,True,443,1110,2084,,,,,,,"{""0"": 0.0, ""1"": 0.0, ""2"": 0.0, ""3"": 0.0, ""4"": 0.0, ""5"": 0.0, ""6"": 0.0, ""7"": 0.0, ""8"": 0.0, ""9"": 0.0, ""10"": 0.0, ""11"": 0.0, ""12"": 0.0, ""13"": 0.0, ""14"": 0.0, ""15"": 0.0, ""16"": 0.0, ""17"": 0.0, ""18"": 0.0, ""19"": 0.0, ""20"": 0.0, ""21"": 0.0, ""22"": 0.0, ""23"": 375.0}",07-26 14:35:10
24,66,0.5,lazy_MIP_McC,16278.000007578961,3601.332,70,timeout,0.008262999826244758,89,0.8506591320037842,,,,,,,"[(21,), (23,), (0, 15), (1, 10), (2, 16), (3, 8), (4, 11), (5, 12), (6, 14), (7, 9), (13, 22), (17, 19), (18, 20)]",13,1.85,True,68,2,41,,,,,,,"{""0"": 684.0, ""1"": 533.0, ""2"": 387.0, ""3"": 786.0, ""4"": 638.0, ""5"": 696.0, ""6"": 668.0, ""7"": 645.0, ""8"": 737.0, ""9"": 648.0, ""10"": 617.0, ""11"": 767.0, ""12"": 731.0, ""13"": 517.0, ""14"": 747.0, ""15"": 598.0001, ""16"": 942.0, ""17"": 690.0, ""18"": 704.0, ""19"": 607.9999, ""20"": 705.0, ""21"": 829.0, ""22"": 807.0, ""23"": 594.0}",07-26 15:35:14
24,66,0.5,lazy_MIP_DL,375.0,3601.582,2666,timeout,42.84985343594072,49,28.489336490631104,,,,,,,"[(0,), (1,), (2,), (3,), (4,), (5,), (6,), (7,), (8,), (9,), (10,), (11,), (12,), (13,), (14,), (15,), (16,), (17,), (18,), (19,), (20,), (21,), (22,), (23,)]",24,1.0,True,537,2129,3978,,,,,,,"{""0"": 0.0, ""1"": 0.0, ""2"": 0.0, ""3"": 0.0, ""4"": 0.0, ""5"": 0.0, ""6"": 0.0, ""7"": 0.0, ""8"": 0.0, ""9"": 0.0, ""10"": 0.0, ""11"": 0.0, ""12"": 0.0, ""13"": 0.0, ""14"": 0.0, ""15"": 0.0, ""16"": 0.0, ""17"": 0.0, ""18"": 0.0, ""19"": 0.0, ""20"": 0.0, ""21"": 0.0, ""22"": 0.0, ""23"": 375.0}",07-26 16:35:20
24,66,1.0,OCS_McC,16439.000041084975,3600.355,0,timeout,0.00040452332248892717,,,,,,,,,"[(2, 4), (3, 6, 7, 8, 12, 18, 21), (0, 1, 5, 9, 10, 11, 13, 14, 15, 16, 17, 19, 20, 22, 23)]",3,8.0,,,,,,,,,,,"{""0"": 0.0, ""1"": 0.0, ""2"": 1066.0, ""3"": 0.0, ""4"": 0.0, ""5"": 0.0, ""6"": 5174.0, ""7"": 0.0, ""8"": 0.0, ""9"": 0.0, ""10"": 0.0, ""11"": 0.0, ""12"": 0.0, ""13"": 0.0, ""14"": 0.0, ""15"": 0.0, ""16"": 0.0, ""17"": 0.0, ""18"": 0.0, ""19"": 0.0, ""20"": 0.0, ""21"": 0.0, ""22"": 10199.0, ""23"": 0.0}",07-26 19:35:36
24,66,1.0,OCS_DL,16439.000104348488,3600.333,0,timeout,0.0004045194725527763,,,,,,,,,"[(5, 10, 11, 12, 14), (0, 1, 2, 3, 4, 6, 7, 8, 9, 13, 15, 16, 17, 18, 19, 20, 21, 22, 23)]",2,12.0,,,,,,,,,,,"{""0"": 12840.9981, ""1"": 0.002, ""2"": 0.0, ""3"": 0.0, ""4"": 0.0, ""5"": 3598.0, ""6"": 0.0, ""7"": 0.0, ""8"": 0.0, ""9"": 0.0, ""10"": 0.0, ""11"": 0.0, ""12"": 0.0, ""13"": 0.0, ""14"": 0.0, ""15"": 0.0, ""16"": 0.0, ""17"": 0.0, ""18"": 0.0, ""19"": 0.0, ""20"": 0.0, ""21"": 0.0, ""22"": 0.0, ""23"": 0.0}",07-26 20:35:40
24,66,1.0,lazy_McC,16435.0,3600.629,7793,timeout,0.0006480073014753147,226,78.31203007698059,,,,,,,"[(2, 4), (13, 16, 19), (7, 10, 14, 18, 21), (0, 5, 8, 12, 20, 22, 23), (1, 3, 6, 9, 11, 15, 17)]",5,4.8,True,7793,0,16021,,,,,,,"{""0"": 687.3333, ""1"": 521.5714, ""2"": 430.0, ""3"": 783.8571, ""4"": 636.0, ""5"": 705.0, ""6"": 684.4286, ""7"": 663.0, ""8"": 776.0, ""9"": 647.7143, ""10"": 651.0, ""11"": 778.8571, ""12"": 734.6667, ""13"": 524.0, ""14"": 727.0, ""15"": 608.7143, ""16"": 915.0, ""17"": 688.8571, ""18"": 704.0, ""19"": 635.0, ""20"": 707.6667, ""21"": 834.0, ""22"": 790.6667, ""23"": 600.6667}",07-26 21:35:51
24,66,1.0,lazy_DL,16436.0,3600.294,6153,timeout,0.0005871258211469184,207,51.34398055076599,,,,,,,"[(2, 3, 4, 5, 22), (11, 12, 14, 19, 20), (0, 1, 6, 7, 13, 18, 21), (8, 9, 10, 15, 16, 17, 23)]",4,6.0,True,6153,0,10653,,,,,,,"{""0"": 688.6667, ""1"": 521.6667, ""2"": 411.0, ""3"": 779.0, ""4"": 655.0, ""5"": 707.0, ""6"": 684.6667, ""7"": 657.6667, ""8"": 767.0, ""9"": 650.0, ""10"": 644.0, ""11"": 772.0, ""12"": 736.0, ""13"": 548.6667, ""14"": 742.0, ""15"": 609.0, ""16"": 902.0, ""17"": 694.0, ""18"": 710.3333, ""19"": 624.0, ""20"": 707.0, ""21"": 832.3333, ""22"": 788.0, ""23"": 605.0}",07-26 22:35:55
24,66,1.0,lazy_MIP_McC,16437.000025548215,3600.586,5125,timeout,0.0005262501933632235,176,47.00562143325806,,,,,,,"[(2, 4, 5, 18, 21), (0, 8, 12, 20, 22, 23), (7, 10, 13, 14, 16, 19), (1, 3, 6, 9, 11, 15, 17)]",4,6.0,True,5125,0,8886,,,,,,,"{""0"": 696.0, ""1"": 521.6667, ""2"": 430.0, ""3"": 784.0, ""4"": 636.0, ""5"": 706.0, ""6"": 684.3333, ""7"": 655.0, ""8"": 775.0, ""9"": 647.6667, ""10"": 637.0, ""11"": 778.3333, ""12"": 743.0, ""13"": 548.0, ""14"": 746.0, ""15"": 608.6666, ""16"": 907.0, ""17"": 689.3334, ""18"": 704.0, ""19"": 627.0, ""20"": 703.0, ""21"": 830.0, ""22"": 786.0, ""23"": 594.0}",07-26 23:35:57
24,66,1.0,lazy_MIP_DL,16432.0,3600.661,4785,timeout,0.00083069620242325,176,46.38686394691467,,,,,,,"[(6, 12, 18), (0, 7, 22, 23), (2, 11, 14, 17), (4, 9, 19, 21), (5, 8, 10, 20), (1, 3, 13, 15, 16)]",6,4.0,True,4785,0,9120,,,,,,,"{""0"": 684.0, ""1"": 528.0, ""2"": 409.0, ""3"": 786.0, ""4"": 636.0, ""5"": 696.0, ""6"": 669.0, ""7"": 659.0, ""8"": 767.0, ""9"": 645.0, ""10"": 651.0, ""11"": 785.0, ""12"": 740.0, ""13"": 549.0, ""14"": 738.0, ""15"": 604.0, ""16"": 901.0, ""17"": 697.0, ""18"": 717.0, ""19"": 625.0, ""20"": 712.0, ""21"": 837.0, ""22"": 798.0, ""23"": 599.0}",07-27 00:36:01
26,68,0.5,OCS_McC,17906.181183811972,3616.057,0,timeout,0.0067486393078628835,,,,,,,,,"[(2, 5), (7, 12), (0, 1, 3, 4, 6, 8, 9, 10, 11, 13, 14, 15, 16, 17, 18, 19, 20, 21, 22, 23, 24, 25)]",3,8.67,,,,,,,,,,,"{""0"": 0.0, ""1"": 0.0749, ""2"": 0.0, ""3"": 0.0, ""4"": 0.0, ""5"": 1341.0, ""6"": 0.0, ""7"": 0.0, ""8"": 0.0, ""9"": 0.0, ""10"": 0.014, ""11"": 0.0, ""12"": 1452.0, ""13"": 0.0, ""14"": 0.0054, ""15"": 0.007, ""16"": 0.0, ""17"": 0.007, ""18"": 15112.9965, ""19"": 0.0, ""20"": 0.0, ""21"": 0.0, ""22"": 0.014, ""23"": 0.0624, ""24"": 0.0, ""25"": 0.0}",07-27 03:36:16
26,68,0.5,OCS_DL,17896.00007459583,3600.223,0,timeout,0.006706561654425978,,,,,,,,,"[(2, 4), (17, 21), (19, 20, 25), (0, 1, 3, 5, 6, 7, 8, 9, 10, 11, 12, 13, 14, 15, 16, 18, 22, 23, 24)]",4,6.5,,,,,,,,,,,"{""0"": 13322.0001, ""1"": 0.0, ""2"": 0.0, ""3"": 0.0, ""4"": 1462.0, ""5"": 0.0, ""6"": 0.0, ""7"": 0.0, ""8"": 0.0, ""9"": 0.0, ""10"": 0.0, ""11"": 0.0, ""12"": 0.0, ""13"": 0.0, ""14"": 0.0, ""15"": 0.0, ""16"": 0.0, ""17"": 0.0, ""18"": 0.0, ""19"": 1845.0, ""20"": 0.0, ""21"": 1267.0, ""22"": 0.0, ""23"": 0.0, ""24"": 0.0, ""25"": 0.0}",07-27 04:36:33
26,68,0.5,lazy_McC,17819.000065700002,3601.483,94,timeout,0.011124203898992067,80,0.4175236225128174,,,,,,,"[(0,), (4,), (6,), (1, 23), (2, 10), (3, 20), (5, 16), (7, 12), (8, 19), (9, 14), (11, 17), (18, 21), (22, 25), (13, 15, 24)]",14,1.86,True,82,12,99,,,,,,,"{""0"": 783.0, ""1"": 735.0, ""2"": 614.0, ""3"": 627.0, ""4"": 839.0, ""5"": 717.0, ""6"": 755.0, ""7"": 749.0, ""8"": 885.0, ""9"": 824.0, ""10"": 479.0, ""11"": 620.0, ""12"": 703.0, ""13"": 725.0, ""14"": 512.0001, ""15"": 632.0, ""16"": 811.0, ""17"": 568.0, ""18"": 777.0, ""19"": 541.0, ""20"": 725.0, ""21"": 636.0, ""22"": 647.0, ""23"": 621.0, ""24"": 743.0, ""25"": 551.0}",07-27 05:36:39
26,68,0.5,lazy_DL,371.0,3600.781,3374,timeout,47.60631208169958,56,39.09322738647461,,,,,,,"[(0,), (1,), (2,), (3,), (4,), (5,), (6,), (7,), (8,), (9,), (10,), (11,), (12,), (13,), (14,), (15,), (16,), (17,), (18,), (19,), (20,), (21,), (22,), (23,), (24,), (25,)]",26,1.0,True,1239,2135,5782,,,,,,,"{""0"": 0.0, ""1"": 0.0, ""2"": 0.0, ""3"": 0.0, ""4"": 0.0, ""5"": 0.0, ""6"": 0.0, ""7"": 0.0, ""8"": 0.0, ""9"": 0.0, ""10"": 0.0, ""11"": 0.0, ""12"": 0.0, ""13"": 0.0, ""14"": 0.0, ""15"": 0.0, ""16"": 0.0, ""17"": 0.0, ""18"": 0.0, ""19"": 0.0, ""20"": 0.0, ""21"": 0.0, ""22"": 0.0, ""23"": 0.0, ""24"": 0.0, ""25"": 371.0}",07-27 06:36:44
26,68,0.5,lazy_MIP_McC,17816.0000879999,3601.617,98,timeout,0.011387541913570505,79,0.867206335067749,,,,,,,"[(4,), (0, 19), (1, 23), (2, 10), (3, 20), (5, 15), (6, 24), (7, 12), (8, 16), (9, 14), (18, 21), (22, 25), (11, 13, 17)]",13,2.0,True,86,12,100,,,,,,,"{""0"": 799.0, ""1"": 735.0, ""2"": 659.0, ""3"": 578.0, ""4"": 839.0, ""5"": 717.0, ""6"": 762.0, ""7"": 749.0, ""8"": 872.0, ""9"": 824.0, ""10"": 434.0, ""11"": 595.0, ""12"": 703.0, ""13"": 725.0, ""14"": 512.0, ""15"": 642.0, ""16"": 794.0, ""17"": 605.0, ""18"": 777.0, ""19"": 541.0, ""20"": 774.0001, ""21"": 636.0, ""22"": 647.0, ""23"": 621.0, ""24"": 725.0, ""25"": 551.0}",07-27 07:36:49
26,68,0.5,lazy_MIP_DL,371.0,3600.532,3522,timeout,47.614757412399044,62,46.572187423706055,,,,,,,"[(0,), (1,), (2,), (3,), (4,), (5,), (6,), (7,), (8,), (9,), (10,), (11,), (12,), (13,), (14,), (15,), (16,), (17,), (18,), (19,), (20,), (21,), (22,), (23,), (24,), (25,)]",26,1.0,True,1324,2198,5437,,,,,,,"{""0"": 0.0, ""1"": 0.0, ""2"": 0.0, ""3"": 0.0, ""4"": 0.0, ""5"": 0.0, ""6"": 0.0, ""7"": 0.0, ""8"": 0.0, ""9"": 0.0, ""10"": 0.0, ""11"": 0.0, ""12"": 0.0, ""13"": 0.0, ""14"": 0.0, ""15"": 0.0, ""16"": 0.0, ""17"": 0.0, ""18"": 0.0, ""19"": 0.0, ""20"": 0.0, ""21"": 0.0, ""22"": 0.0, ""23"": 0.0, ""24"": 0.0, ""25"": 371.0}",07-27 08:36:53
26,68,1.0,OCS_McC,18033.0000796693,3600.444,0,timeout,0.0002173748302207514,,,,,,,,,"[(7, 15, 16, 17), (0, 1, 2, 3, 4, 5, 6, 8, 9, 10, 11, 12, 13, 14, 18, 19, 20, 21, 22, 23, 24, 25)]",2,13.0,,,,,,,,,,,"{""0"": 15232.0001, ""1"": 0.0, ""2"": 0.0, ""3"": 0.0, ""4"": 0.0, ""5"": 0.0, ""6"": 0.0, ""7"": 0.0, ""8"": 0.0, ""9"": 0.0, ""10"": 0.0, ""11"": 0.0, ""12"": 0.0, ""13"": 0.0, ""14"": 0.0, ""15"": 0.0, ""16"": 2801.0, ""17"": 0.0, ""18"": 0.0, ""19"": 0.0, ""20"": 0.0, ""21"": 0.0, ""22"": 0.0, ""23"": 0.0, ""24"": 0.0, ""25"": 0.0}",07-27 11:37:09
26,68,1.0,OCS_DL,18033.000623635595,3600.259,0,timeout,0.00021734465861766161,,,,,,,,,"[(0, 1, 2, 3, 4, 5, 6, 7, 8, 9, 10, 11, 12, 13, 14, 15, 16, 17, 18, 19, 20, 21, 22, 23, 24, 25)]",1,26.0,,,,,,,,,,,"{""0"": 18032.9983, ""1"": 0.0, ""2"": 0.0, ""3"": 0.0, ""4"": 0.0, ""5"": 0.0, ""6"": 0.0, ""7"": 0.0, ""8"": 0.0, ""9"": 0.0, ""10"": 0.0, ""11"": 0.0, ""12"": 0.0, ""13"": 0.0, ""14"": 0.0, ""15"": 0.0023, ""16"": 0.0, ""17"": 0.0, ""18"": 0.0, ""19"": 0.0, ""20"": 0.0, ""21"": 0.0, ""22"": 0.0, ""23"": 0.0, ""24"": 0.0, ""25"": 0.0}",07-27 12:37:13
26,68,1.0,lazy_McC,17996.00000725973,3601.672,6840,timeout,0.0022738382264813613,214,65.03072881698608,,,,,,,"[(12, 17, 21), (15, 20, 22), (5, 14, 23, 25), (0, 10, 11, 16, 24), (1, 2, 6, 13, 19), (3, 4, 7, 8, 9, 18)]",6,4.33,True,6840,0,11688,,,,,,,"{""0"": 788.0, ""1"": 755.0, ""2"": 637.0, ""3"": 609.0, ""4"": 851.0, ""5"": 733.0, ""6"": 755.0, ""7"": 730.0, ""8"": 884.0, ""9"": 847.0, ""10"": 468.0, ""11"": 585.0, ""12"": 703.0, ""13"": 740.0, ""14"": 525.0, ""15"": 660.0, ""16"": 820.0, ""17"": 616.0, ""18"": 760.0, ""19"": 564.0, ""20"": 735.0, ""21"": 675.0, ""22"": 671.0, ""23"": 632.0, ""24"": 737.0, ""25"": 516.0}",07-27 13:37:20
26,68,1.0,lazy_DL,18014.00000616917,3601.184,6157,timeout,0.0012723433883637366,245,42.22575664520264,,,,,,,"[(3, 4, 25), (12, 18, 19), (1, 16, 22, 24), (7, 8, 20, 21), (0, 2, 9, 13, 23), (5, 6, 10, 11, 14, 15, 17)]",6,4.33,True,6157,0,8985,,,,,,,"{""0"": 783.0, ""1"": 757.0, ""2"": 634.0, ""3"": 607.0, ""4"": 856.0, ""5"": 734.0, ""6"": 767.0, ""7"": 719.9999, ""8"": 890.0001, ""9"": 849.0, ""10"": 473.0, ""11"": 588.0, ""12"": 740.0, ""13"": 743.0, ""14"": 510.0, ""15"": 646.0, ""16"": 803.0, ""17"": 606.0, ""18"": 747.0, ""19"": 574.0, ""20"": 752.0, ""21"": 677.0, ""22"": 668.0, ""23"": 611.0, ""24"": 751.0, ""25"": 528.0}",07-27 14:37:27
26,68,1.0,lazy_MIP_McC,18007.0,3602.311,13090,timeout,0.0016615760528179357,324,128.00581049919128,,,,,,,"[(12, 13, 15), (1, 2, 4, 18), (10, 14, 17, 19), (0, 6, 20, 21, 25), (3, 7, 11, 23, 24), (5, 8, 9, 16, 22)]",6,4.33,True,13090,0,22613,,,,,,,"{""0"": 788.0, ""1"": 755.0, ""2"": 621.0, ""3"": 598.0, ""4"": 852.0, ""5"": 731.0, ""6"": 756.0, ""7"": 735.0, ""8"": 880.0, ""9"": 839.0, ""10"": 478.0, ""11"": 577.0, ""12"": 737.0, ""13"": 743.0, ""14"": 526.0, ""15"": 631.0, ""16"": 823.0, ""17"": 587.0, ""18"": 775.0, ""19"": 561.0, ""20"": 756.0, ""21"": 674.0, ""22"": 669.0, ""23"": 607.0, ""24"": 765.0, ""25"": 543.0}",07-27 15:37:30
26,68,1.0,lazy_MIP_DL,371.0,3601.61,6421,timeout,47.61703504043103,125,42.036001443862915,,,,,,,"[(0,), (1,), (2,), (3,), (4,), (5,), (6,), (7,), (8,), (9,), (10,), (11,), (12,), (13,), (14,), (15,), (16,), (17,), (18,), (19,), (20,), (21,), (22,), (23,), (24,), (25,)]",26,1.0,True,6421,0,8154,,,,,,,"{""0"": 0.0, ""1"": 0.0, ""2"": 0.0, ""3"": 0.0, ""4"": 0.0, ""5"": 0.0, ""6"": 0.0, ""7"": 0.0, ""8"": 0.0, ""9"": 0.0, ""10"": 0.0, ""11"": 0.0, ""12"": 0.0, ""13"": 0.0, ""14"": 0.0, ""15"": 0.0, ""16"": 0.0, ""17"": 0.0, ""18"": 0.0, ""19"": 0.0, ""20"": 0.0, ""21"": 0.0, ""22"": 0.0, ""23"": 0.0, ""24"": 0.0, ""25"": 371.0}",07-27 16:37:33
28,70,0.5,OCS_McC,18768.20523883851,3620.052,0,timeout,0.007347520509012066,,,,,,,,,"[(7,), (10,), (16,), (17,), (2, 11), (4, 27), (19, 22), (20, 23), (0, 1, 3, 5, 6, 8, 9, 12, 13, 14, 15, 18, 21, 24, 25, 26)]",9,3.11,,,,,,,,,,,"{""0"": 0.0, ""1"": 0.091, ""2"": 1450.0, ""3"": 0.0, ""4"": 1255.0, ""5"": 0.0321, ""6"": 0.0, ""7"": 583.0, ""8"": 0.0, ""9"": 0.0, ""10"": 848.0005, ""11"": 0.0, ""12"": 0.0, ""13"": 0.0321, ""14"": 0.0, ""15"": 0.0, ""16"": 490.0, ""17"": 776.0, ""18"": 2989.8829, ""19"": 1397.0, ""20"": 0.0, ""21"": 7746.1132, ""22"": 0.0, ""23"": 1233.0, ""24"": 0.0, ""25"": 0.0321, ""26"": 0.0214, ""27"": 0.0}",07-27 19:37:54
28,70,0.5,OCS_DL,18760.00005417576,3601.586,0,timeout,0.006419882844453059,,,,,,,,,"[(7,), (10,), (17,), (20,), (2, 11), (4, 27), (8, 23), (19, 22), (0, 1, 3, 5, 6, 9, 12, 13, 14, 15, 16, 18, 21, 24, 25, 26)]",9,3.11,,,,,,,,,,,"{""0"": 10650.9998, ""1"": 0.0, ""2"": 1450.0, ""3"": 0.0, ""4"": 1255.0, ""5"": 0.0, ""6"": 0.0, ""7"": 583.0, ""8"": 0.0, ""9"": 0.0, ""10"": 848.0, ""11"": 0.0, ""12"": 0.0, ""13"": 0.0, ""14"": 0.0, ""15"": 0.0, ""16"": 0.0002, ""17"": 776.0, ""18"": 0.0, ""19"": 1397.0, ""20"": 623.0, ""21"": 0.0, ""22"": 0.0, ""23"": 1177.0, ""24"": 0.0, ""25"": 0.0, ""26"": 0.0, ""27"": 0.0}",07-27 20:38:15
28,70,0.5,lazy_McC,18735.000019538842,3600.556,76,timeout,0.008887931452748722,99,0.30200624465942383,,,,,,,"[(7,), (17,), (0, 9), (1, 20), (2, 11), (4, 27), (5, 13), (6, 12), (8, 23), (10, 24), (15, 26), (18, 21), (19, 22), (3, 14, 16, 25)]",14,2.0,True,73,3,57,,,,,,,"{""0"": 577.0, ""1"": 725.0, ""2"": 620.0, ""3"": 653.0, ""4"": 663.0, ""5"": 673.0, ""6"": 768.0, ""7"": 583.0, ""8"": 551.0, ""9"": 704.0, ""10"": 859.0, ""11"": 830.0, ""12"": 624.0, ""13"": 774.0, ""14"": 583.0, ""15"": 688.0, ""16"": 490.0001, ""17"": 776.0, ""18"": 889.0, ""19"": 809.0, ""20"": 648.0, ""21"": 582.0, ""22"": 588.0, ""23"": 626.0001, ""24"": 593.0, ""25"": 616.0, ""26"": 651.0, ""27"": 592.0}",07-27 21:38:18
28,70,0.5,lazy_DL,303.0,3601.366,2681,timeout,61.52140904690304,49,18.699643850326538,,,,,,,"[(0,), (1,), (2,), (3,), (4,), (5,), (6,), (7,), (8,), (9,), (10,), (11,), (12,), (13,), (14,), (15,), (16,), (17,), (18,), (19,), (20,), (21,), (22,), (23,), (24,), (25,), (26,), (27,)]",28,1.0,True,805,1876,3365,,,,,,,"{""0"": 0.0, ""1"": 0.0, ""2"": 0.0, ""3"": 0.0, ""4"": 0.0, ""5"": 0.0, ""6"": 0.0, ""7"": 0.0, ""8"": 0.0, ""9"": 0.0, ""10"": 0.0, ""11"": 0.0, ""12"": 0.0, ""13"": 0.0, ""14"": 0.0, ""15"": 0.0, ""16"": 0.0, ""17"": 0.0, ""18"": 0.0, ""19"": 0.0, ""20"": 0.0, ""21"": 0.0, ""22"": 0.0, ""23"": 0.0, ""24"": 0.0, ""25"": 0.0, ""26"": 0.0, ""27"": 303.0}",07-27 22:38:23
28,70,0.5,lazy_MIP_McC,18735.000019538842,3600.556,77,timeout,0.008892306193271441,99,0.870150089263916,,,,,,,"[(7,), (17,), (0, 9), (1, 20), (2, 11), (4, 27), (5, 13), (6, 12), (8, 23), (10, 24), (15, 26), (18, 21), (19, 22), (3, 14, 16, 25)]",14,2.0,True,74,3,58,,,,,,,"{""0"": 577.0, ""1"": 725.0, ""2"": 620.0, ""3"": 653.0, ""4"": 663.0, ""5"": 673.0, ""6"": 768.0, ""7"": 583.0, ""8"": 551.0, ""9"": 704.0, ""10"": 859.0, ""11"": 830.0, ""12"": 624.0, ""13"": 774.0, ""14"": 583.0, ""15"": 688.0, ""16"": 490.0001, ""17"": 776.0, ""18"": 889.0, ""19"": 809.0, ""20"": 648.0, ""21"": 582.0, ""22"": 588.0, ""23"": 626.0001, ""24"": 593.0, ""25"": 616.0, ""26"": 651.0, ""27"": 592.0}",07-27 23:38:28
28,70,0.5,lazy_MIP_DL,303.0,3601.405,2867,timeout,61.52423688103768,56,22.57543396949768,,,,,,,"[(0,), (1,), (2,), (3,), (4,), (5,), (6,), (7,), (8,), (9,), (10,), (11,), (12,), (13,), (14,), (15,), (16,), (17,), (18,), (19,), (20,), (21,), (22,), (23,), (24,), (25,), (26,), (27,)]",28,1.0,True,876,1991,3761,,,,,,,"{""0"": 0.0, ""1"": 0.0, ""2"": 0.0, ""3"": 0.0, ""4"": 0.0, ""5"": 0.0, ""6"": 0.0, ""7"": 0.0, ""8"": 0.0, ""9"": 0.0, ""10"": 0.0, ""11"": 0.0, ""12"": 0.0, ""13"": 0.0, ""14"": 0.0, ""15"": 0.0, ""16"": 0.0, ""17"": 0.0, ""18"": 0.0, ""19"": 0.0, ""20"": 0.0, ""21"": 0.0, ""22"": 0.0, ""23"": 0.0, ""24"": 0.0, ""25"": 0.0, ""26"": 0.0, ""27"": 303.0}",07-28 00:38:33
28,70,1.0,OCS_McC,18941.025080028056,3600.633,0,timeout,0.00023097588188732707,,,,,,,,,"[(8, 26), (5, 10, 13, 15, 16, 20), (0, 1, 2, 3, 4, 6, 7, 9, 11, 12, 14, 17, 18, 19, 21, 22, 23, 24, 25, 27)]",3,9.33,,,,,,,,,,,"{""0"": 0.0, ""1"": 0.0, ""2"": 0.0, ""3"": 0.0, ""4"": 0.0, ""5"": 0.0, ""6"": 0.0, ""7"": 0.0, ""8"": 1218.0, ""9"": 0.0, ""10"": 0.0, ""11"": 0.0, ""12"": 0.0, ""13"": 0.0, ""14"": 0.0, ""15"": 4155.0004, ""16"": 0.0, ""17"": 0.0, ""18"": 0.0, ""19"": 0.0, ""20"": 0.0, ""21"": 0.0, ""22"": 0.0, ""23"": 13568.0247, ""24"": 0.0, ""25"": 0.0, ""26"": 0.0, ""27"": 0.0}",07-28 03:38:52
28,70,1.0,OCS_DL,18941.000219618087,3600.235,0,timeout,0.00023228870338908586,,,,,,,,,"[(8, 9, 11, 13, 17), (0, 1, 2, 3, 4, 5, 6, 7, 10, 12, 14, 15, 16, 18, 19, 20, 21, 22, 23, 24, 25, 26, 27)]",2,14.0,,,,,,,,,,,"{""0"": 15295.9899, ""1"": 0.0, ""2"": 0.0, ""3"": 0.0, ""4"": 0.0, ""5"": 0.0, ""6"": 0.0, ""7"": 0.0, ""8"": 0.0, ""9"": 0.0, ""10"": 0.0, ""11"": 0.0, ""12"": 0.0, ""13"": 0.0, ""14"": 0.0, ""15"": 0.0, ""16"": 0.0, ""17"": 3645.0, ""18"": 0.0084, ""19"": 0.0, ""20"": 0.0019, ""21"": 0.0, ""22"": 0.0, ""23"": 0.0, ""24"": 0.0, ""25"": 0.0, ""26"": 0.0, ""27"": 0.0}",07-28 04:38:57
28,70,1.0,lazy_McC,18908.0,3600.835,14429,timeout,0.0019779987306906915,392,137.0196177959442,,,,,,,"[(9, 23), (10, 18), (6, 8, 12), (15, 19, 22), (1, 14, 17, 26), (5, 11, 24, 27), (0, 2, 3, 16, 20), (4, 7, 13, 21, 25)]",8,3.5,True,14429,0,25196,,,,,,,"{""0"": 598.0, ""1"": 751.0, ""2"": 612.0, ""3"": 668.0, ""4"": 669.0, ""5"": 705.0, ""6"": 809.0, ""7"": 583.0, ""8"": 563.0, ""9"": 706.0, ""10"": 848.0, ""11"": 843.0, ""12"": 595.0, ""13"": 747.0, ""14"": 576.0, ""15"": 719.0, ""16"": 490.0, ""17"": 791.0, ""18"": 924.0, ""19"": 842.0, ""20"": 629.0, ""21"": 597.0, ""22"": 557.0, ""23"": 598.0, ""24"": 594.0, ""25"": 627.0, ""26"": 659.0, ""27"": 608.0}",07-28 05:39:03
28,70,1.0,lazy_DL,303.0,3602.166,9697,timeout,61.526072607259515,189,73.07768082618713,,,,,,,"[(0,), (1,), (2,), (3,), (4,), (5,), (6,), (7,), (8,), (9,), (10,), (11,), (12,), (13,), (14,), (15,), (16,), (17,), (18,), (19,), (20,), (21,), (22,), (23,), (24,), (25,), (26,), (27,)]",28,1.0,True,9697,0,14341,,,,,,,"{""0"": 0.0, ""1"": 0.0, ""2"": 0.0, ""3"": 0.0, ""4"": 0.0, ""5"": 0.0, ""6"": 0.0, ""7"": 0.0, ""8"": 0.0, ""9"": 0.0, ""10"": 0.0, ""11"": 0.0, ""12"": 0.0, ""13"": 0.0, ""14"": 0.0, ""15"": 0.0, ""16"": 0.0, ""17"": 0.0, ""18"": 0.0, ""19"": 0.0, ""20"": 0.0, ""21"": 0.0, ""22"": 0.0, ""23"": 0.0, ""24"": 0.0, ""25"": 0.0, ""26"": 0.0, ""27"": 303.0}",07-28 06:39:09
28,70,1.0,lazy_MIP_McC,18916.000004875,3600.693,13588,timeout,0.0015542395376107992,303,131.0260670185089,,,,,,,"[(9, 23), (0, 3, 20), (5, 11, 18), (10, 16, 17), (15, 19, 22), (8, 24, 25, 27), (1, 2, 6, 14, 26), (4, 7, 12, 13, 21)]",8,3.5,True,13588,0,23689,,,,,,,"{""0"": 609.0, ""1"": 743.0, ""2"": 612.0, ""3"": 657.0, ""4"": 676.0, ""5"": 702.0, ""6"": 794.0, ""7"": 589.0, ""8"": 551.0, ""9"": 676.0, ""10"": 852.0, ""11"": 830.0, ""12"": 595.0, ""13"": 758.0, ""14"": 587.0, ""15"": 688.0, ""16"": 490.0, ""17"": 794.0, ""18"": 942.0, ""19"": 829.0, ""20"": 623.0, ""21"": 585.0, ""22"": 601.0, ""23"": 628.0, ""24"": 606.0, ""25"": 633.0, ""26"": 661.0, ""27"": 605.0}",07-28 07:39:17
28,70,1.0,lazy_MIP_DL,303.0,3601.459,9252,timeout,61.526072607260396,163,65.06909132003784,,,,,,,"[(0,), (1,), (2,), (3,), (4,), (5,), (6,), (7,), (8,), (9,), (10,), (11,), (12,), (13,), (14,), (15,), (16,), (17,), (18,), (19,), (20,), (21,), (22,), (23,), (24,), (25,), (26,), (27,)]",28,1.0,True,9252,0,12860,,,,,,,"{""0"": 0.0, ""1"": 0.0, ""2"": 0.0, ""3"": 0.0, ""4"": 0.0, ""5"": 0.0, ""6"": 0.0, ""7"": 0.0, ""8"": 0.0, ""9"": 0.0, ""10"": 0.0, ""11"": 0.0, ""12"": 0.0, ""13"": 0.0, ""14"": 0.0, ""15"": 0.0, ""16"": 0.0, ""17"": 0.0, ""18"": 0.0, ""19"": 0.0, ""20"": 0.0, ""21"": 0.0, ""22"": 0.0, ""23"": 0.0, ""24"": 0.0, ""25"": 0.0, ""26"": 0.0, ""27"": 303.0}",07-28 08:39:22
30,72,0.5,OCS_McC,20708.000086313557,3601.056,0,timeout,0.007875506261154144,,,,,,,,,"[(13,), (1, 21), (3, 28), (8, 9), (0, 2, 4, 5, 6, 7, 10, 11, 12, 14, 15, 16, 17, 18, 19, 20, 22, 23, 24, 25, 26, 27, 29)]",5,6.0,,,,,,,,,,,"{""0"": 0.0, ""1"": 0.0, ""2"": 0.0, ""3"": 1069.0, ""4"": 0.0, ""5"": 0.0, ""6"": 0.0, ""7"": 0.0, ""8"": 1544.0, ""9"": 0.0, ""10"": 0.0, ""11"": 0.0, ""12"": 0.0, ""13"": 659.0001, ""14"": 16049.0, ""15"": 0.0, ""16"": 0.0, ""17"": 0.0, ""18"": 0.0, ""19"": 0.0, ""20"": 0.0, ""21"": 1387.0, ""22"": 0.0, ""23"": 0.0, ""24"": 0.0, ""25"": 0.0, ""26"": 0.0, ""27"": 0.0, ""28"": 0.0, ""29"": 0.0}",07-28 11:39:43
30,72,0.5,OCS_DL,20716.00004930204,3600.691,0,timeout,0.007537514420317292,,,,,,,,,"[(1, 21), (3, 15), (4, 6), (27, 28), (0, 2, 5, 7, 8, 9, 10, 11, 12, 13, 14, 16, 17, 18, 19, 20, 22, 23, 24, 25, 26, 29)]",5,6.0,,,,,,,,,,,"{""0"": 15459.0, ""1"": 1387.0, ""2"": 0.0, ""3"": 1415.0, ""4"": 1259.0, ""5"": 0.0, ""6"": 0.0, ""7"": 0.0, ""8"": 0.0, ""9"": 0.0, ""10"": 0.0, ""11"": 0.0, ""12"": 0.0, ""13"": 0.0, ""14"": 0.0, ""15"": 0.0, ""16"": 0.0, ""17"": 0.0, ""18"": 0.0, ""19"": 0.0, ""20"": 0.0, ""21"": 0.0, ""22"": 0.0, ""23"": 0.0, ""24"": 0.0, ""25"": 0.0, ""26"": 0.0, ""27"": 0.0, ""28"": 1196.0, ""29"": 0.0}",07-28 12:39:46
30,72,0.5,lazy_McC,20653.00001761931,3601.007,363,timeout,0.010681659925514137,101,3.3860154151916504,,,,,,,"[(0,), (7,), (10,), (13,), (1, 5), (2, 9), (3, 17), (4, 6), (8, 20), (11, 19), (12, 26), (14, 23), (15, 22), (16, 18), (21, 25), (24, 29), (27, 28)]",17,1.76,True,187,176,590,,,,,,,"{""0"": 776.0, ""1"": 715.0, ""2"": 468.0, ""3"": 625.0, ""4"": 584.0, ""5"": 815.0, ""6"": 675.0, ""7"": 780.0, ""8"": 717.0, ""9"": 889.0, ""10"": 809.0, ""11"": 746.0, ""12"": 533.0, ""13"": 659.0, ""14"": 681.0, ""15"": 791.0, ""16"": 690.0, ""17"": 615.0, ""18"": 651.0, ""19"": 753.0, ""20"": 471.0, ""21"": 677.0, ""22"": 670.0, ""23"": 599.0, ""24"": 744.0, ""25"": 789.0, ""26"": 878.0, ""27"": 738.0, ""28"": 458.0, ""29"": 657.0}",07-28 13:39:50
30,72,0.5,lazy_DL,352.0,3600.335,3929,timeout,58.308238635997945,55,36.01394557952881,,,,,,,"[(0,), (1,), (2,), (3,), (4,), (5,), (6,), (7,), (8,), (9,), (10,), (11,), (12,), (13,), (14,), (15,), (16,), (17,), (18,), (19,), (20,), (21,), (22,), (23,), (24,), (25,), (26,), (27,), (28,), (29,)]",30,1.0,True,1255,2674,6098,,,,,,,"{""0"": 0.0, ""1"": 0.0, ""2"": 0.0, ""3"": 0.0, ""4"": 0.0, ""5"": 0.0, ""6"": 0.0, ""7"": 0.0, ""8"": 0.0, ""9"": 0.0, ""10"": 0.0, ""11"": 0.0, ""12"": 0.0, ""13"": 0.0, ""14"": 0.0, ""15"": 0.0, ""16"": 0.0, ""17"": 0.0, ""18"": 0.0, ""19"": 0.0, ""20"": 0.0, ""21"": 0.0, ""22"": 0.0, ""23"": 0.0, ""24"": 0.0, ""25"": 0.0, ""26"": 0.0, ""27"": 0.0, ""28"": 0.0, ""29"": 352.0}",07-28 14:39:55
30,72,0.5,lazy_MIP_McC,20653.00001761931,3601.594,364,timeout,0.010681659925514137,101,4.137163162231445,,,,,,,"[(0,), (7,), (10,), (13,), (1, 5), (2, 9), (3, 17), (4, 6), (8, 20), (11, 19), (12, 26), (14, 23), (15, 22), (16, 18), (21, 25), (24, 29), (27, 28)]",17,1.76,True,188,176,591,,,,,,,"{""0"": 776.0, ""1"": 715.0, ""2"": 468.0, ""3"": 625.0, ""4"": 584.0, ""5"": 815.0, ""6"": 675.0, ""7"": 780.0, ""8"": 717.0, ""9"": 889.0, ""10"": 809.0, ""11"": 746.0, ""12"": 533.0, ""13"": 659.0, ""14"": 681.0, ""15"": 791.0, ""16"": 690.0, ""17"": 615.0, ""18"": 651.0, ""19"": 753.0, ""20"": 471.0, ""21"": 677.0, ""22"": 670.0, ""23"": 599.0, ""24"": 744.0, ""25"": 789.0, ""26"": 878.0, ""27"": 738.0, ""28"": 458.0, ""29"": 657.0}",07-28 15:39:57
30,72,0.5,lazy_MIP_DL,352.0,3600.559,3978,timeout,58.30744735268152,52,48.673075675964355,,,,,,,"[(0,), (1,), (2,), (3,), (4,), (5,), (6,), (7,), (8,), (9,), (10,), (11,), (12,), (13,), (14,), (15,), (16,), (17,), (18,), (19,), (20,), (21,), (22,), (23,), (24,), (25,), (26,), (27,), (28,), (29,)]",30,1.0,True,1093,2885,6191,,,,,,,"{""0"": 0.0, ""1"": 0.0, ""2"": 0.0, ""3"": 0.0, ""4"": 0.0, ""5"": 0.0, ""6"": 0.0, ""7"": 0.0, ""8"": 0.0, ""9"": 0.0, ""10"": 0.0, ""11"": 0.0, ""12"": 0.0, ""13"": 0.0, ""14"": 0.0, ""15"": 0.0, ""16"": 0.0, ""17"": 0.0, ""18"": 0.0, ""19"": 0.0, ""20"": 0.0, ""21"": 0.0, ""22"": 0.0, ""23"": 0.0, ""24"": 0.0, ""25"": 0.0, ""26"": 0.0, ""27"": 0.0, ""28"": 0.0, ""29"": 352.0}",07-28 16:40:02
30,72,1.0,OCS_McC,20876.0,6.759,0,optimal,2.395094845755892e-05,,,,,,,,,"[(0, 1, 2, 3, 4, 5, 6, 7, 8, 9, 10, 11, 12, 13, 14, 15, 16, 17, 18, 19, 20, 21, 22, 23, 24, 25, 26, 27, 28, 29)]",1,30.0,,,,,,,,,,,"{""0"": 20876.0, ""1"": 0.0, ""2"": 0.0, ""3"": 0.0, ""4"": 0.0, ""5"": 0.0, ""6"": 0.0, ""7"": 0.0, ""8"": 0.0, ""9"": 0.0, ""10"": 0.0, ""11"": 0.0, ""12"": 0.0, ""13"": 0.0, ""14"": 0.0, ""15"": 0.0, ""16"": 0.0, ""17"": 0.0, ""18"": 0.0, ""19"": 0.0, ""20"": 0.0, ""21"": 0.0, ""22"": 0.0, ""23"": 0.0, ""24"": 0.0, ""25"": 0.0, ""26"": 0.0, ""27"": 0.0, ""28"": 0.0, ""29"": 0.0}",07-28 19:40:16
30,72,1.0,OCS_DL,20876.0,1.556,0,optimal,2.395094845738465e-05,,,,,,,,,"[(0, 1, 2, 3, 4, 5, 6, 7, 8, 9, 10, 11, 12, 13, 14, 15, 16, 17, 18, 19, 20, 21, 22, 23, 24, 25, 26, 27, 28, 29)]",1,30.0,,,,,,,,,,,"{""0"": 20876.0, ""1"": 0.0, ""2"": 0.0, ""3"": 0.0, ""4"": 0.0, ""5"": 0.0, ""6"": 0.0, ""7"": 0.0, ""8"": 0.0, ""9"": 0.0, ""10"": 0.0, ""11"": 0.0, ""12"": 0.0, ""13"": 0.0, ""14"": 0.0, ""15"": 0.0, ""16"": 0.0, ""17"": 0.0, ""18"": 0.0, ""19"": 0.0, ""20"": 0.0, ""21"": 0.0, ""22"": 0.0, ""23"": 0.0, ""24"": 0.0, ""25"": 0.0, ""26"": 0.0, ""27"": 0.0, ""28"": 0.0, ""29"": 0.0}",07-28 19:40:23
30,72,1.0,lazy_McC,20732.0,3601.213,18228,timeout,0.0069699016013802075,395,190.08342719078064,,,,,,,"[(13,), (15,), (19,), (1, 16), (2, 18), (10, 14), (17, 22), (24, 28), (0, 6, 11), (3, 20, 21), (4, 25, 29), (5, 12, 23, 27), (7, 8, 9, 26)]",13,2.31,True,18228,0,32106,,,,,,,"{""0"": 788.0, ""1"": 716.0, ""2"": 509.0, ""3"": 649.0, ""4"": 565.0, ""5"": 832.0, ""6"": 675.0, ""7"": 783.0, ""8"": 690.0, ""9"": 880.0, ""10"": 809.0, ""11"": 791.0, ""12"": 535.0, ""13"": 659.0, ""14"": 685.0, ""15"": 775.0, ""16"": 665.0, ""17"": 571.0, ""18"": 651.0, ""19"": 732.0, ""20"": 507.0, ""21"": 677.0, ""22"": 694.0, ""23"": 610.0, ""24"": 744.0, ""25"": 793.0, ""26"": 875.0, ""27"": 783.0, ""28"": 457.0, ""29"": 632.0}",07-28 19:40:25
30,72,1.0,lazy_DL,352.0,3601.747,9974,timeout,58.30823863636358,96,99.32812285423279,,,,,,,"[(0,), (1,), (2,), (3,), (4,), (5,), (6,), (7,), (8,), (9,), (10,), (11,), (12,), (13,), (14,), (15,), (16,), (17,), (18,), (19,), (20,), (21,), (22,), (23,), (24,), (25,), (26,), (27,), (28,), (29,)]",30,1.0,True,9974,0,16331,,,,,,,"{""0"": 0.0, ""1"": 0.0, ""2"": 0.0, ""3"": 0.0, ""4"": 0.0, ""5"": 0.0, ""6"": 0.0, ""7"": 0.0, ""8"": 0.0, ""9"": 0.0, ""10"": 0.0, ""11"": 0.0, ""12"": 0.0, ""13"": 0.0, ""14"": 0.0, ""15"": 0.0, ""16"": 0.0, ""17"": 0.0, ""18"": 0.0, ""19"": 0.0, ""20"": 0.0, ""21"": 0.0, ""22"": 0.0, ""23"": 0.0, ""24"": 0.0, ""25"": 0.0, ""26"": 0.0, ""27"": 0.0, ""28"": 0.0, ""29"": 352.0}",07-28 20:40:31
30,72,1.0,lazy_MIP_McC,20854.0,3600.924,14181,timeout,0.0010789297017351801,341,113.5460295677185,,,,,,,"[(0, 6, 11), (12, 14, 19), (9, 10, 13, 18), (24, 26, 27, 29), (1, 2, 4, 21, 23), (3, 5, 15, 16, 17), (7, 8, 20, 22, 25, 28)]",7,4.29,True,14181,0,21597,,,,,,,"{""0"": 786.0, ""1"": 709.0, ""2"": 514.0, ""3"": 648.0, ""4"": 565.0, ""5"": 819.0, ""6"": 700.0, ""7"": 795.0, ""8"": 691.0, ""9"": 875.0, ""10"": 830.0, ""11"": 768.0, ""12"": 533.0, ""13"": 686.0, ""14"": 696.0, ""15"": 789.0, ""16"": 677.0, ""17"": 596.0, ""18"": 651.0, ""19"": 774.0, ""20"": 499.0, ""21"": 686.0, ""22"": 683.0, ""23"": 600.0, ""24"": 763.0, ""25"": 779.0, ""26"": 865.0, ""27"": 784.0, ""28"": 431.0, ""29"": 662.0}",07-28 21:40:40
30,72,1.0,lazy_MIP_DL,352.0,3601.199,6246,timeout,58.30823863635303,83,53.48578190803528,,,,,,,"[(0,), (1,), (2,), (3,), (4,), (5,), (6,), (7,), (8,), (9,), (10,), (11,), (12,), (13,), (14,), (15,), (16,), (17,), (18,), (19,), (20,), (21,), (22,), (23,), (24,), (25,), (26,), (27,), (28,), (29,)]",30,1.0,True,6246,0,9514,,,,,,,"{""0"": 0.0, ""1"": 0.0, ""2"": 0.0, ""3"": 0.0, ""4"": 0.0, ""5"": 0.0, ""6"": 0.0, ""7"": 0.0, ""8"": 0.0, ""9"": 0.0, ""10"": 0.0, ""11"": 0.0, ""12"": 0.0, ""13"": 0.0, ""14"": 0.0, ""15"": 0.0, ""16"": 0.0, ""17"": 0.0, ""18"": 0.0, ""19"": 0.0, ""20"": 0.0, ""21"": 0.0, ""22"": 0.0, ""23"": 0.0, ""24"": 0.0, ""25"": 0.0, ""26"": 0.0, ""27"": 0.0, ""28"": 0.0, ""29"": 352.0}",07-28 22:40:43
22,64,0.5,lazy_MIP_ws_McC,15151.000044,3600.355,23,timeout,0.007219541925866279,12,0.025923728942871094,,1.8299739360809326,15151.0,completed,144,3598.525099992752,"[(0, 8), (1, 17), (2, 20), (3, 19), (4, 5), (6, 14), (7, 9), (10, 15), (11, 21), (12, 18), (13, 16)]",11,2.0,True,23,0,418,1.818,0.012,125,144,"[(0, 8), (1, 17), (2, 20), (3, 19), (4, 5), (6, 14), (7, 9), (10, 15), (11, 21), (12, 18), (13, 16)]","{""0"": 760.0, ""1"": 779.0, ""2"": 690.0, ""3"": 914.0, ""4"": 591.0, ""5"": 846.0, ""6"": 746.0, ""7"": 630.0, ""8"": 794.0, ""9"": 563.0, ""10"": 667.0, ""11"": 534.0, ""12"": 685.0, ""13"": 700.0, ""14"": 561.0, ""15"": 596.0, ""16"": 818.0, ""17"": 717.0, ""18"": 654.0, ""19"": 600.0, ""20"": 640.0, ""21"": 666.0}","{""0"": 732.0, ""1"": 748.0, ""2"": 620.0, ""3"": 914.0, ""4"": 591.0, ""5"": 846.0, ""6"": 746.0, ""7"": 608.0, ""8"": 822.0, ""9"": 585.0, ""10"": 667.0, ""11"": 488.0, ""12"": 685.0, ""13"": 700.0, ""14"": 561.0, ""15"": 596.0, ""16"": 818.0, ""17"": 748.0, ""18"": 654.0, ""19"": 600.0, ""20"": 710.0, ""21"": 712.0}",08-01 01:29:24
22,64,0.5,lazy_MIP_ws_DL,15151.00101646968,3600.571,22,timeout,0.007241297268287195,10,0.03001236915588379,,1.7926385402679443,15151.0,completed,144,3598.7781472206116,"[(0, 8), (1, 17), (2, 20), (3, 19), (4, 5), (6, 14), (7, 9), (10, 15), (11, 21), (12, 18), (13, 16)]",11,2.0,True,22,0,418,1.78,0.012,125,144,"[(0, 8), (1, 17), (2, 20), (3, 19), (4, 5), (6, 14), (7, 9), (10, 15), (11, 21), (12, 18), (13, 16)]","{""0"": 760.0, ""1"": 779.0, ""2"": 690.0, ""3"": 914.0, ""4"": 591.0, ""5"": 846.0, ""6"": 746.0, ""7"": 630.0, ""8"": 794.0, ""9"": 563.0, ""10"": 667.0, ""11"": 534.0, ""12"": 685.0, ""13"": 700.0, ""14"": 561.0, ""15"": 596.0, ""16"": 818.0, ""17"": 717.0, ""18"": 654.0, ""19"": 600.0, ""20"": 640.0, ""21"": 666.0}","{""0"": 732.0, ""1"": 748.0, ""2"": 620.0, ""3"": 878.0, ""4"": 565.0, ""5"": 872.0, ""6"": 705.0, ""7"": 608.0, ""8"": 822.0, ""9"": 585.0, ""10"": 644.0, ""11"": 488.0, ""12"": 685.0, ""13"": 700.0, ""14"": 602.0, ""15"": 619.001, ""16"": 818.0, ""17"": 748.0, ""18"": 654.0, ""19"": 636.0, ""20"": 710.0, ""21"": 712.0}",08-01 02:29:29
22,64,1.0,lazy_MIP_ws_McC,15340.0,3600.336,7821,timeout,0.00014260104301931723,131,77.34048962593079,,98.49240469932556,15339.0,completed,413,3501.8435604572296,"[(9, 15, 16, 17, 20, 21), (0, 2, 4, 11, 12, 18, 19), (1, 3, 5, 6, 7, 8, 10, 13, 14)]",3,7.33,True,7821,0,15840,98.482,0.011,469,413,"[(0, 2, 4, 18, 19), (9, 11, 12, 15, 16, 17, 20, 21), (1, 3, 5, 6, 7, 8, 10, 13, 14)]","{""0"": 740.0, ""1"": 755.0, ""2"": 660.0, ""3"": 898.0, ""4"": 588.0, ""5"": 868.0, ""6"": 741.0, ""7"": 627.0, ""8"": 811.0, ""9"": 583.0, ""10"": 654.0, ""11"": 520.5, ""12"": 680.5, ""13"": 696.0, ""14"": 577.0, ""15"": 629.0, ""16"": 844.5, ""17"": 749.5, ""18"": 681.0, ""19"": 643.0, ""20"": 691.5, ""21"": 701.5}","{""0"": 747.0, ""1"": 754.8, ""2"": 656.0, ""3"": 895.4, ""4"": 585.0, ""5"": 865.0, ""6"": 740.4, ""7"": 629.2, ""8"": 814.0, ""9"": 583.0, ""10"": 654.2, ""11"": 516.0, ""12"": 686.0, ""13"": 694.6, ""14"": 579.4, ""15"": 621.0, ""16"": 848.0, ""17"": 750.0, ""18"": 677.0, ""19"": 647.0, ""20"": 694.0, ""21"": 703.0}",08-01 03:29:34
22,64,1.0,lazy_MIP_ws_DL,15339.999999999998,3600.214,6121,timeout,0.00014260104302370465,78,49.59128785133362,,101.47572708129883,15339.0,completed,413,3498.7378566265106,"[(9, 15, 16, 17, 20, 21), (0, 2, 4, 11, 12, 18, 19), (1, 3, 5, 6, 7, 8, 10, 13, 14)]",3,7.33,True,6121,0,12962,101.466,0.01,469,413,"[(0, 2, 4, 18, 19), (9, 11, 12, 15, 16, 17, 20, 21), (1, 3, 5, 6, 7, 8, 10, 13, 14)]","{""0"": 740.0, ""1"": 755.0, ""2"": 660.0, ""3"": 898.0, ""4"": 588.0, ""5"": 868.0, ""6"": 741.0, ""7"": 627.0, ""8"": 811.0, ""9"": 583.0, ""10"": 654.0, ""11"": 520.5, ""12"": 680.5, ""13"": 696.0, ""14"": 577.0, ""15"": 629.0, ""16"": 844.5, ""17"": 749.5, ""18"": 681.0, ""19"": 643.0, ""20"": 691.5, ""21"": 701.5}","{""0"": 747.0, ""1"": 754.8571, ""2"": 656.0, ""3"": 898.1429, ""4"": 585.0, ""5"": 866.5714, ""6"": 741.1429, ""7"": 627.1429, ""8"": 812.5714, ""9"": 593.0, ""10"": 652.5714, ""11"": 516.0, ""12"": 684.0, ""13"": 695.8571, ""14"": 578.1429, ""15"": 630.5, ""16"": 853.5, ""17"": 758.5, ""18"": 677.0, ""19"": 649.0, ""20"": 672.5, ""21"": 691.0}",08-01 04:29:37
24,66,0.5,lazy_MIP_ws_McC,16315.00002803334,3600.547,32,timeout,0.006393731107838367,10,0.03501176834106445,,2.241504430770874,16304.0,completed,121,3598.305802822113,"[(21,), (23,), (2, 16), (3, 7), (5, 12), (6, 14), (9, 11), (10, 15), (13, 22), (17, 19), (18, 20), (0, 1, 4, 8)]",12,2.0,True,31,1,478,2.226,0.016,98,121,"[(21,), (23,), (0, 1), (2, 16), (3, 7), (4, 8), (5, 12), (6, 14), (9, 11), (10, 15), (13, 22), (17, 19), (18, 20)]","{""0"": 700.0, ""1"": 499.0, ""2"": 446.0, ""3"": 796.0, ""4"": 652.0, ""5"": 723.0, ""6"": 692.0, ""7"": 645.0, ""8"": 737.0, ""9"": 642.0, ""10"": 644.0, ""11"": 767.0, ""12"": 704.0, ""13"": 546.0, ""14"": 723.0, ""15"": 597.0, ""16"": 883.0, ""17"": 690.0, ""18"": 717.0, ""19"": 608.0, ""20"": 692.0, ""21"": 829.0, ""22"": 778.0, ""23"": 594.0}","{""0"": 684.0, ""1"": 526.0, ""2"": 446.0, ""3"": 771.0, ""4"": 637.0, ""5"": 696.0, ""6"": 668.0, ""7"": 670.0, ""8"": 752.0, ""9"": 641.0, ""10"": 617.0, ""11"": 768.0, ""12"": 731.0, ""13"": 517.0, ""14"": 747.0, ""15"": 624.0, ""16"": 883.0, ""17"": 690.0, ""18"": 704.0, ""19"": 608.0, ""20"": 705.0, ""21"": 829.0, ""22"": 807.0, ""23"": 594.0}",08-01 05:29:40
24,66,0.5,lazy_MIP_ws_DL,16315.000033059758,3601.15,32,timeout,0.007363160692418963,11,0.10342192649841309,,2.353874444961548,16304.0,completed,121,3598.7960362434387,"[(21,), (23,), (2, 16), (3, 7), (5, 12), (6, 14), (9, 11), (10, 15), (13, 22), (17, 19), (18, 20), (0, 1, 4, 8)]",12,2.0,True,30,2,479,2.338,0.016,98,121,"[(21,), (23,), (0, 1), (2, 16), (3, 7), (4, 8), (5, 12), (6, 14), (9, 11), (10, 15), (13, 22), (17, 19), (18, 20)]","{""0"": 700.0, ""1"": 499.0, ""2"": 446.0, ""3"": 796.0, ""4"": 652.0, ""5"": 723.0, ""6"": 692.0, ""7"": 645.0, ""8"": 737.0, ""9"": 642.0, ""10"": 644.0, ""11"": 767.0, ""12"": 704.0, ""13"": 546.0, ""14"": 723.0, ""15"": 597.0, ""16"": 883.0, ""17"": 690.0, ""18"": 717.0, ""19"": 608.0, ""20"": 692.0, ""21"": 829.0, ""22"": 778.0, ""23"": 594.0}","{""0"": 684.0, ""1"": 515.0, ""2"": 387.0, ""3"": 796.0, ""4"": 636.0, ""5"": 696.0, ""6"": 668.0, ""7"": 645.0, ""8"": 764.0, ""9"": 641.0, ""10"": 644.0, ""11"": 768.0, ""12"": 731.0, ""13"": 517.0, ""14"": 747.0, ""15"": 597.0, ""16"": 942.0, ""17"": 690.0, ""18"": 717.0, ""19"": 608.0, ""20"": 692.0, ""21"": 829.0, ""22"": 807.0, ""23"": 594.0}",08-01 06:29:44
24,66,1.0,lazy_MIP_ws_McC,16431.000002888894,3604.408,6561,timeout,0.0008916071516356227,79,67.11053943634033,,10.297226905822754,16428.0,completed,434,3594.11123919487,"[(2, 16, 19), (3, 6, 14), (0, 8, 9, 12, 20), (4, 15, 17, 18, 21, 23), (1, 5, 7, 10, 11, 13, 22)]",5,4.8,True,6561,0,13567,10.276,0.021,464,434,"[(3, 6, 14), (2, 16, 19, 20), (0, 8, 9, 12), (1, 5, 7, 10, 11, 13, 22), (4, 15, 17, 18, 21, 23)]","{""0"": 688.0, ""1"": 526.0, ""2"": 407.0, ""3"": 771.0, ""4"": 643.5, ""5"": 703.0, ""6"": 680.0, ""7"": 656.0, ""8"": 781.0, ""9"": 645.0, ""10"": 643.0, ""11"": 777.0, ""12"": 729.0, ""13"": 546.0, ""14"": 756.0, ""15"": 608.5, ""16"": 922.0, ""17"": 689.5, ""18"": 706.5, ""19"": 620.0, ""20"": 709.0, ""21"": 831.5, ""22"": 789.0, ""23"": 600.5}","{""0"": 692.0, ""1"": 526.2, ""2"": 419.0, ""3"": 771.0, ""4"": 644.0, ""5"": 706.0, ""6"": 680.0, ""7"": 656.4, ""8"": 772.0, ""9"": 641.0, ""10"": 646.4, ""11"": 776.8, ""12"": 744.0, ""13"": 542.4, ""14"": 756.0, ""15"": 608.0, ""16"": 922.0, ""17"": 689.0, ""18"": 707.0, ""19"": 608.0, ""20"": 706.0, ""21"": 831.0, ""22"": 785.8, ""23"": 601.0}",08-01 07:29:51
24,66,1.0,lazy_MIP_ws_DL,16428.0,3600.6,4935,timeout,0.0010743851960066848,61,46.34147524833679,,10.289964437484741,16428.0,completed,434,3590.310319662094,"[(3, 6, 14), (0, 8, 9, 12), (2, 16, 19, 20), (4, 15, 17, 18, 21, 23), (1, 5, 7, 10, 11, 13, 22)]",5,4.8,True,4935,0,10390,10.264,0.026,464,434,"[(3, 6, 14), (2, 16, 19, 20), (0, 8, 9, 12), (1, 5, 7, 10, 11, 13, 22), (4, 15, 17, 18, 21, 23)]","{""0"": 688.0, ""1"": 526.0, ""2"": 407.0, ""3"": 771.0, ""4"": 643.5, ""5"": 703.0, ""6"": 680.0, ""7"": 656.0, ""8"": 781.0, ""9"": 645.0, ""10"": 643.0, ""11"": 777.0, ""12"": 729.0, ""13"": 546.0, ""14"": 756.0, ""15"": 608.5, ""16"": 922.0, ""17"": 689.5, ""18"": 706.5, ""19"": 620.0, ""20"": 709.0, ""21"": 831.5, ""22"": 789.0, ""23"": 600.5}","{""0"": 688.0, ""1"": 526.0, ""2"": 407.0, ""3"": 771.0, ""4"": 643.5, ""5"": 703.0, ""6"": 680.0, ""7"": 656.0, ""8"": 781.0, ""9"": 645.0, ""10"": 643.0, ""11"": 777.0, ""12"": 729.0, ""13"": 546.0, ""14"": 756.0, ""15"": 608.5, ""16"": 922.0, ""17"": 689.5, ""18"": 706.5, ""19"": 620.0, ""20"": 709.0, ""21"": 831.5, ""22"": 789.0, ""23"": 600.5}",08-01 08:30:01
26,68,0.5,lazy_MIP_ws_McC,17862.000072258503,3600.636,28,timeout,0.008663305458292967,11,0.0351414680480957,,2.958940267562866,17862.0,completed,217,3597.6769676208496,"[(0,), (1, 22), (2, 12), (3, 20), (4, 7), (5, 16), (6, 10), (8, 19), (9, 15), (14, 18), (21, 24), (23, 25), (11, 13, 17)]",13,2.0,True,28,0,573,2.942,0.016,207,217,"[(0,), (1, 22), (2, 12), (3, 20), (4, 7), (5, 16), (6, 10), (8, 19), (9, 15), (14, 18), (21, 24), (23, 25), (11, 13, 17)]","{""0"": 783.0, ""1"": 766.0, ""2"": 647.0, ""3"": 627.0, ""4"": 861.0, ""5"": 734.0, ""6"": 793.0, ""7"": 711.0, ""8"": 885.0, ""9"": 844.0, ""10"": 434.0, ""11"": 583.0, ""12"": 703.0, ""13"": 737.0, ""14"": 529.0, ""15"": 631.0, ""16"": 794.0, ""17"": 605.0, ""18"": 746.0, ""19"": 541.0, ""20"": 725.0, ""21"": 683.0, ""22"": 647.0, ""23"": 632.0, ""24"": 705.0, ""25"": 516.0}","{""0"": 783.0, ""1"": 735.0, ""2"": 614.0, ""3"": 627.0, ""4"": 861.0, ""5"": 734.0, ""6"": 755.0, ""7"": 711.0, ""8"": 885.0, ""9"": 824.0, ""10"": 472.0001, ""11"": 595.0, ""12"": 736.0, ""13"": 725.0, ""14"": 451.0, ""15"": 651.0, ""16"": 794.0, ""17"": 605.0, ""18"": 824.0, ""19"": 541.0, ""20"": 725.0, ""21"": 636.0, ""22"": 678.0, ""23"": 632.0, ""24"": 752.0, ""25"": 516.0}",08-01 09:30:07
26,68,0.5,lazy_MIP_ws_DL,17862.00006913577,3600.464,31,timeout,0.009067232223169392,7,0.0857245922088623,,2.8633546829223633,17862.0,completed,217,3597.6001603603363,"[(0,), (1, 22), (2, 12), (3, 20), (4, 7), (5, 16), (6, 10), (8, 19), (9, 15), (14, 18), (21, 24), (23, 25), (11, 13, 17)]",13,2.0,True,31,0,574,2.853,0.01,207,217,"[(0,), (1, 22), (2, 12), (3, 20), (4, 7), (5, 16), (6, 10), (8, 19), (9, 15), (14, 18), (21, 24), (23, 25), (11, 13, 17)]","{""0"": 783.0, ""1"": 766.0, ""2"": 647.0, ""3"": 627.0, ""4"": 861.0, ""5"": 734.0, ""6"": 793.0, ""7"": 711.0, ""8"": 885.0, ""9"": 844.0, ""10"": 434.0, ""11"": 583.0, ""12"": 703.0, ""13"": 737.0, ""14"": 529.0, ""15"": 631.0, ""16"": 794.0, ""17"": 605.0, ""18"": 746.0, ""19"": 541.0, ""20"": 725.0, ""21"": 683.0, ""22"": 647.0, ""23"": 632.0, ""24"": 705.0, ""25"": 516.0}","{""0"": 782.9995, ""1"": 735.0, ""2"": 646.9999, ""3"": 578.0, ""4"": 839.0, ""5"": 717.0, ""6"": 793.0, ""7"": 733.0, ""8"": 884.9998, ""9"": 824.0, ""10"": 434.0, ""11"": 617.0, ""12"": 702.9999, ""13"": 737.0, ""14"": 528.9997, ""15"": 651.0012, ""16"": 811.0, ""17"": 571.0, ""18"": 746.0, ""19"": 540.9999, ""20"": 774.0, ""21"": 682.9999, ""22"": 678.0, ""23"": 593.0, ""24"": 705.0004, ""25"": 555.0}",08-01 10:30:12
26,68,1.0,lazy_MIP_ws_McC,18021.0,3600.56,7327,timeout,0.0008834137950160203,96,89.76387453079224,,106.39169836044312,18014.0,completed,564,3494.1685938835144,"[(4, 8), (5, 7, 20, 21), (0, 2, 3, 10, 25), (1, 12, 13, 14, 17, 22), (6, 9, 11, 15, 16, 18, 19, 23, 24)]",5,5.2,True,7327,0,17448,106.328,0.064,725,564,"[(4, 5), (7, 8, 12), (0, 2, 3, 10, 25), (1, 13, 14, 17, 20, 21, 22), (6, 9, 11, 15, 16, 18, 19, 23, 24)]","{""0"": 783.0, ""1"": 758.0, ""2"": 641.0, ""3"": 610.0, ""4"": 862.0, ""5"": 717.0, ""6"": 764.3333, ""7"": 717.0, ""8"": 893.0, ""9"": 843.6667, ""10"": 467.0, ""11"": 590.6667, ""12"": 735.0, ""13"": 731.0, ""14"": 512.0, ""15"": 647.0, ""16"": 819.3333, ""17"": 613.0, ""18"": 766.6667, ""19"": 560.3333, ""20"": 763.0, ""21"": 664.0, ""22"": 665.0, ""23"": 620.0, ""24"": 737.0, ""25"": 534.0}","{""0"": 783.0, ""1"": 754.5, ""2"": 641.0, ""3"": 605.0, ""4"": 839.0, ""5"": 717.0, ""6"": 764.5, ""7"": 735.0, ""8"": 893.0, ""9"": 843.0, ""10"": 472.0, ""11"": 590.0, ""12"": 717.0, ""13"": 735.5, ""14"": 524.0, ""15"": 647.5, ""16"": 820.5, ""17"": 609.5, ""18"": 766.0, ""19"": 561.0, ""20"": 759.0, ""21"": 678.0, ""22"": 675.5, ""23"": 620.5, ""24"": 736.0, ""25"": 534.0}",08-01 11:30:19
26,68,1.0,lazy_MIP_ws_DL,18018.0,3600.999,3945,timeout,0.0010500610500607513,52,27.191506385803223,,104.70236372947693,18014.0,completed,564,3496.2965099811554,"[(4, 5, 7, 8), (0, 2, 3, 10, 25), (1, 12, 13, 14, 17, 20, 21, 22), (6, 9, 11, 15, 16, 18, 19, 23, 24)]",4,6.5,True,3945,0,9376,104.655,0.047,725,564,"[(4, 5), (7, 8, 12), (0, 2, 3, 10, 25), (1, 13, 14, 17, 20, 21, 22), (6, 9, 11, 15, 16, 18, 19, 23, 24)]","{""0"": 783.0, ""1"": 758.0, ""2"": 641.0, ""3"": 610.0, ""4"": 862.0, ""5"": 717.0, ""6"": 764.3333, ""7"": 717.0, ""8"": 893.0, ""9"": 843.6667, ""10"": 467.0, ""11"": 590.6667, ""12"": 735.0, ""13"": 731.0, ""14"": 512.0, ""15"": 647.0, ""16"": 819.3333, ""17"": 613.0, ""18"": 766.6667, ""19"": 560.3333, ""20"": 763.0, ""21"": 664.0, ""22"": 665.0, ""23"": 620.0, ""24"": 737.0, ""25"": 534.0}","{""0"": 783.0, ""1"": 758.75, ""2"": 641.0, ""3"": 610.0, ""4"": 852.0, ""5"": 729.0, ""6"": 764.4, ""7"": 730.0, ""8"": 880.0, ""9"": 842.8, ""10"": 467.0, ""11"": 590.2, ""12"": 736.25, ""13"": 729.5, ""14"": 514.0, ""15"": 647.4, ""16"": 820.6, ""17"": 610.25, ""18"": 766.2, ""19"": 560.8, ""20"": 761.75, ""21"": 664.0, ""22"": 668.5, ""23"": 620.4, ""24"": 736.2, ""25"": 534.0}",08-01 12:30:24
28,70,0.5,lazy_MIP_ws_McC,18776.00007218877,3601.677,30,timeout,0.0060266599489133925,11,0.043608665466308594,,3.5830225944519043,18776.0,completed,185,3598.093845129013,"[(7,), (0, 10), (2, 11), (3, 14), (4, 25), (5, 13), (9, 23), (12, 20), (15, 27), (16, 21), (17, 24), (18, 22), (19, 26), (1, 6, 8)]",14,2.0,True,30,0,666,3.574,0.009,160,185,"[(7,), (0, 10), (2, 11), (3, 14), (4, 25), (5, 13), (9, 23), (12, 20), (15, 27), (16, 21), (17, 24), (18, 22), (19, 26), (1, 6, 8)]","{""0"": 600.0, ""1"": 726.0, ""2"": 620.0, ""3"": 680.0, ""4"": 670.0, ""5"": 717.0, ""6"": 804.0, ""7"": 583.0, ""8"": 579.0, ""9"": 706.0, ""10"": 848.0, ""11"": 830.0, ""12"": 603.0, ""13"": 730.0, ""14"": 549.0, ""15"": 704.0, ""16"": 495.0, ""17"": 787.0, ""18"": 932.0, ""19"": 840.0, ""20"": 623.0, ""21"": 573.0, ""22"": 552.0, ""23"": 598.0, ""24"": 593.0, ""25"": 616.0, ""26"": 626.0, ""27"": 592.0}","{""0"": 600.0, ""1"": 763.0001, ""2"": 590.0, ""3"": 636.0, ""4"": 649.0, ""5"": 717.0, ""6"": 768.0, ""7"": 583.0, ""8"": 578.0, ""9"": 676.0, ""10"": 848.0, ""11"": 860.0, ""12"": 595.0, ""13"": 730.0, ""14"": 593.0, ""15"": 688.0, ""16"": 490.0, ""17"": 776.0, ""18"": 889.0, ""19"": 809.0, ""20"": 631.0, ""21"": 578.0, ""22"": 595.0, ""23"": 628.0, ""24"": 604.0, ""25"": 637.0, ""26"": 657.0, ""27"": 608.0}",08-01 13:30:31
28,70,0.5,lazy_MIP_ws_DL,18776.000072379837,3601.163,30,timeout,0.008621349178092038,12,0.04746580123901367,,3.3132758140563965,18776.0,completed,185,3597.8495836257935,"[(7,), (0, 10), (2, 11), (3, 14), (4, 25), (5, 13), (9, 23), (12, 20), (15, 27), (16, 21), (17, 24), (18, 22), (19, 26), (1, 6, 8)]",14,2.0,True,30,0,666,3.302,0.012,160,185,"[(7,), (0, 10), (2, 11), (3, 14), (4, 25), (5, 13), (9, 23), (12, 20), (15, 27), (16, 21), (17, 24), (18, 22), (19, 26), (1, 6, 8)]","{""0"": 600.0, ""1"": 726.0, ""2"": 620.0, ""3"": 680.0, ""4"": 670.0, ""5"": 717.0, ""6"": 804.0, ""7"": 583.0, ""8"": 579.0, ""9"": 706.0, ""10"": 848.0, ""11"": 830.0, ""12"": 603.0, ""13"": 730.0, ""14"": 549.0, ""15"": 704.0, ""16"": 495.0, ""17"": 787.0, ""18"": 932.0, ""19"": 840.0, ""20"": 623.0, ""21"": 573.0, ""22"": 552.0, ""23"": 598.0, ""24"": 593.0, ""25"": 616.0, ""26"": 626.0, ""27"": 592.0}","{""0"": 577.0, ""1"": 763.0001, ""2"": 620.0, ""3"": 636.0, ""4"": 649.0, ""5"": 673.0, ""6"": 768.0, ""7"": 583.0, ""8"": 578.0, ""9"": 706.0, ""10"": 871.0, ""11"": 830.0, ""12"": 603.0, ""13"": 774.0, ""14"": 593.0, ""15"": 704.0, ""16"": 495.0, ""17"": 776.0, ""18"": 932.0, ""19"": 840.0, ""20"": 623.0, ""21"": 573.0, ""22"": 552.0, ""23"": 598.0, ""24"": 604.0, ""25"": 637.0, ""26"": 626.0, ""27"": 592.0}",08-01 14:30:37
28,70,1.0,lazy_MIP_ws_McC,18929.999999999996,3600.663,4179,timeout,0.000813523507657378,28,38.59681963920593,,65.4788465499878,18930.0,completed,614,3535.18408370018,"[(0, 9, 26), (1, 3, 23), (4, 8, 11, 20), (6, 14, 24, 25, 27), (12, 13, 15, 17, 21, 22), (2, 5, 7, 10, 16, 18, 19)]",6,4.67,True,4179,0,11727,65.456,0.023,725,614,"[(1, 3, 23), (0, 9, 26), (4, 8, 11, 20), (6, 14, 24, 25, 27), (12, 13, 15, 17, 21, 22), (2, 5, 7, 10, 16, 18, 19)]","{""0"": 587.0, ""1"": 744.0, ""2"": 611.0, ""3"": 669.0, ""4"": 660.0, ""5"": 704.6667, ""6"": 788.0, ""7"": 592.3333, ""8"": 568.0, ""9"": 694.0, ""10"": 849.3333, ""11"": 857.0, ""12"": 602.0, ""13"": 756.0, ""14"": 587.0, ""15"": 720.0, ""16"": 498.6667, ""17"": 786.0, ""18"": 923.6667, ""19"": 826.3333, ""20"": 632.0, ""21"": 581.0, ""22"": 580.0, ""23"": 619.0, ""24"": 597.0, ""25"": 633.0, ""26"": 659.0, ""27"": 605.0}","{""0"": 587.0, ""1"": 744.0, ""2"": 611.0, ""3"": 669.0, ""4"": 660.0, ""5"": 704.6667, ""6"": 788.0, ""7"": 592.3333, ""8"": 568.0, ""9"": 694.0, ""10"": 849.3333, ""11"": 857.0, ""12"": 602.0, ""13"": 756.0, ""14"": 587.0, ""15"": 720.0, ""16"": 498.6667, ""17"": 786.0, ""18"": 923.6667, ""19"": 826.3333, ""20"": 632.0, ""21"": 581.0, ""22"": 580.0, ""23"": 619.0, ""24"": 597.0, ""25"": 633.0, ""26"": 659.0, ""27"": 605.0}",08-01 15:30:47
28,70,1.0,lazy_MIP_ws_DL,18929.999999999996,3600.458,4538,timeout,0.0008135235076596841,31,38.76380968093872,,66.21667671203613,18930.0,completed,614,3534.2409987449646,"[(0, 9, 26), (1, 3, 23), (4, 8, 11, 20), (6, 14, 24, 25, 27), (12, 13, 15, 17, 21, 22), (2, 5, 7, 10, 16, 18, 19)]",6,4.67,True,4538,0,11159,66.195,0.022,725,614,"[(1, 3, 23), (0, 9, 26), (4, 8, 11, 20), (6, 14, 24, 25, 27), (12, 13, 15, 17, 21, 22), (2, 5, 7, 10, 16, 18, 19)]","{""0"": 587.0, ""1"": 744.0, ""2"": 611.0, ""3"": 669.0, ""4"": 660.0, ""5"": 704.6667, ""6"": 788.0, ""7"": 592.3333, ""8"": 568.0, ""9"": 694.0, ""10"": 849.3333, ""11"": 857.0, ""12"": 602.0, ""13"": 756.0, ""14"": 587.0, ""15"": 720.0, ""16"": 498.6667, ""17"": 786.0, ""18"": 923.6667, ""19"": 826.3333, ""20"": 632.0, ""21"": 581.0, ""22"": 580.0, ""23"": 619.0, ""24"": 597.0, ""25"": 633.0, ""26"": 659.0, ""27"": 605.0}","{""0"": 587.0, ""1"": 744.0, ""2"": 611.0, ""3"": 669.0, ""4"": 660.0, ""5"": 704.6667, ""6"": 788.0, ""7"": 592.3333, ""8"": 568.0, ""9"": 694.0, ""10"": 849.3333, ""11"": 857.0, ""12"": 602.0, ""13"": 756.0, ""14"": 587.0, ""15"": 720.0, ""16"": 498.6667, ""17"": 786.0, ""18"": 923.6667, ""19"": 826.3333, ""20"": 632.0, ""21"": 581.0, ""22"": 580.0, ""23"": 619.0, ""24"": 597.0, ""25"": 633.0, ""26"": 659.0, ""27"": 605.0}",08-01 16:30:53
30,72,0.5,lazy_MIP_ws_McC,20676.0007891347,3601.572,28,timeout,0.009424268872945642,8,0.026817798614501953,,4.477081298828125,20676.0,completed,237,3597.0947799682617,"[(0,), (7,), (10,), (13,), (23,), (1, 5), (2, 9), (3, 17), (6, 21), (8, 14), (11, 19), (12, 26), (15, 22), (16, 18), (25, 29), (27, 28), (4, 20, 24)]",17,1.76,True,28,0,766,4.459,0.018,210,237,"[(0,), (7,), (10,), (13,), (23,), (1, 5), (2, 9), (3, 17), (6, 21), (8, 14), (11, 19), (12, 26), (15, 22), (16, 18), (25, 29), (27, 28), (4, 20, 24)]","{""0"": 776.0, ""1"": 715.0, ""2"": 513.0, ""3"": 669.0, ""4"": 559.0, ""5"": 815.0, ""6"": 704.0, ""7"": 780.0, ""8"": 706.0, ""9"": 844.0, ""10"": 809.0, ""11"": 767.0, ""12"": 546.0, ""13"": 659.0, ""14"": 670.0, ""15"": 791.0, ""16"": 690.0, ""17"": 571.0, ""18"": 651.0, ""19"": 732.0, ""20"": 481.0, ""21"": 677.0, ""22"": 670.0, ""23"": 599.0, ""24"": 796.0, ""25"": 805.0, ""26"": 865.0, ""27"": 789.0, ""28"": 407.0, ""29"": 620.0}","{""0"": 775.9993, ""1"": 695.0, ""2"": 468.0, ""3"": 625.0, ""4"": 559.0, ""5"": 835.0, ""6"": 675.0, ""7"": 780.0, ""8"": 706.0, ""9"": 889.0, ""10"": 809.0, ""11"": 746.0, ""12"": 546.0, ""13"": 659.0, ""14"": 670.0, ""15"": 775.0, ""16"": 665.0, ""17"": 615.0, ""18"": 676.0, ""19"": 753.0, ""20"": 517.0, ""21"": 706.0, ""22"": 686.0, ""23"": 599.0, ""24"": 760.0, ""25"": 761.0, ""26"": 865.0, ""27"": 789.0008, ""28"": 407.0007, ""29"": 664.0}",08-01 17:30:59
30,72,0.5,lazy_MIP_ws_DL,20676.00010251613,3600.553,28,timeout,0.009648087537198247,10,0.03800010681152344,,4.087197303771973,20676.0,completed,237,3596.4655661582947,"[(0,), (7,), (10,), (13,), (23,), (1, 5), (2, 9), (3, 17), (6, 21), (8, 14), (11, 19), (12, 26), (15, 22), (16, 18), (25, 29), (27, 28), (4, 20, 24)]",17,1.76,True,28,0,766,4.07,0.017,210,237,"[(0,), (7,), (10,), (13,), (23,), (1, 5), (2, 9), (3, 17), (6, 21), (8, 14), (11, 19), (12, 26), (15, 22), (16, 18), (25, 29), (27, 28), (4, 20, 24)]","{""0"": 776.0, ""1"": 715.0, ""2"": 513.0, ""3"": 669.0, ""4"": 559.0, ""5"": 815.0, ""6"": 704.0, ""7"": 780.0, ""8"": 706.0, ""9"": 844.0, ""10"": 809.0, ""11"": 767.0, ""12"": 546.0, ""13"": 659.0, ""14"": 670.0, ""15"": 791.0, ""16"": 690.0, ""17"": 571.0, ""18"": 651.0, ""19"": 732.0, ""20"": 481.0, ""21"": 677.0, ""22"": 670.0, ""23"": 599.0, ""24"": 796.0, ""25"": 805.0, ""26"": 865.0, ""27"": 789.0, ""28"": 407.0, ""29"": 620.0}","{""0"": 776.0001, ""1"": 695.0, ""2"": 468.0, ""3"": 669.0, ""4"": 573.0, ""5"": 835.0, ""6"": 675.0, ""7"": 780.0, ""8"": 676.0, ""9"": 889.0, ""10"": 809.0, ""11"": 767.0, ""12"": 533.0, ""13"": 659.0, ""14"": 700.0, ""15"": 775.0, ""16"": 665.0, ""17"": 571.0, ""18"": 676.0, ""19"": 732.0, ""20"": 517.0, ""21"": 706.0, ""22"": 686.0, ""23"": 599.0, ""24"": 746.0, ""25"": 805.0, ""26"": 878.0, ""27"": 789.0, ""28"": 407.0, ""29"": 620.0}",08-01 18:31:04
30,72,1.0,lazy_MIP_ws_McC,20866.00000800597,3600.66,5393,timeout,0.000503210581328065,37,55.582216024398804,,60.0834527015686,20866.0,completed,708,3540.5762810707092,"[(1, 16), (9, 12), (14, 19, 20, 27), (10, 15, 21, 25, 26), (5, 7, 13, 18, 22, 24, 28, 29), (0, 2, 3, 4, 6, 8, 11, 17, 23)]",6,5.0,True,5393,0,11840,60.065,0.019,774,708,"[(1, 16), (9, 12), (14, 19, 20, 27), (10, 15, 21, 25, 26), (5, 7, 13, 18, 22, 24, 28, 29), (0, 2, 3, 4, 6, 8, 11, 17, 23)]","{""0"": 785.5, ""1"": 716.0, ""2"": 500.5, ""3"": 645.5, ""4"": 566.0, ""5"": 827.4, ""6"": 704.5, ""7"": 796.4, ""8"": 690.5, ""9"": 892.0, ""10"": 812.0, ""11"": 767.5, ""12"": 533.0, ""13"": 675.8, ""14"": 683.0, ""15"": 786.0, ""16"": 665.0, ""17"": 595.0, ""18"": 665.8, ""19"": 765.0, ""20"": 507.0, ""21"": 693.0, ""22"": 679.6, ""23"": 609.0, ""24"": 775.2, ""25"": 795.0, ""26"": 875.0, ""27"": 771.0, ""28"": 435.6, ""29"": 653.2}","{""0"": 785.5, ""1"": 716.0, ""2"": 500.5, ""3"": 645.5, ""4"": 566.0, ""5"": 827.4, ""6"": 704.5, ""7"": 796.4, ""8"": 690.5, ""9"": 892.0, ""10"": 823.0, ""11"": 767.5, ""12"": 533.0, ""13"": 675.8, ""14"": 683.0, ""15"": 786.0, ""16"": 665.0, ""17"": 595.0, ""18"": 665.8, ""19"": 765.0, ""20"": 507.0, ""21"": 682.0, ""22"": 679.6, ""23"": 609.0, ""24"": 775.2, ""25"": 795.0, ""26"": 875.0, ""27"": 771.0, ""28"": 435.6, ""29"": 653.2}",08-01 19:31:11
30,72,1.0,lazy_MIP_ws_DL,20866.0,3600.468,1172,timeout,0.0005032109652062074,13,3.7980384826660156,,62.19634127616882,20866.0,completed,708,3538.271805524826,"[(1, 16), (9, 12), (14, 19, 20, 27), (10, 15, 21, 25, 26), (5, 7, 13, 18, 22, 24, 28, 29), (0, 2, 3, 4, 6, 8, 11, 17, 23)]",6,5.0,True,1172,0,3525,62.176,0.02,774,708,"[(1, 16), (9, 12), (14, 19, 20, 27), (10, 15, 21, 25, 26), (5, 7, 13, 18, 22, 24, 28, 29), (0, 2, 3, 4, 6, 8, 11, 17, 23)]","{""0"": 785.5, ""1"": 716.0, ""2"": 500.5, ""3"": 645.5, ""4"": 566.0, ""5"": 827.4, ""6"": 704.5, ""7"": 796.4, ""8"": 690.5, ""9"": 892.0, ""10"": 812.0, ""11"": 767.5, ""12"": 533.0, ""13"": 675.8, ""14"": 683.0, ""15"": 786.0, ""16"": 665.0, ""17"": 595.0, ""18"": 665.8, ""19"": 765.0, ""20"": 507.0, ""21"": 693.0, ""22"": 679.6, ""23"": 609.0, ""24"": 775.2, ""25"": 795.0, ""26"": 875.0, ""27"": 771.0, ""28"": 435.6, ""29"": 653.2}","{""0"": 785.5, ""1"": 716.0, ""2"": 500.5, ""3"": 645.5, ""4"": 566.0, ""5"": 827.4, ""6"": 704.5, ""7"": 796.4, ""8"": 690.5, ""9"": 892.0, ""10"": 812.0, ""11"": 767.5, ""12"": 533.0, ""13"": 675.8, ""14"": 683.0, ""15"": 786.0, ""16"": 665.0, ""17"": 595.0, ""18"": 665.8, ""19"": 765.0, ""20"": 507.0, ""21"": 693.0, ""22"": 679.6, ""23"": 609.0, ""24"": 775.2, ""25"": 795.0, ""26"": 875.0, ""27"": 771.0, ""28"": 435.6, ""29"": 653.2}",08-01 20:31:15
