n,seed,alpha,method,coalition,size,V_c,shapley,shapley_in_core,shapley_max_violation,nucleolus,least_core_eps,n_subsets,runtime_values,runtime_shapley,runtime_nucleolus
2,44,0.5,lazy_MIP_ws_McC,"(0,)",1,569.0,"{""0"": 569.0}",True,0.0,"{""0"": 569.0}",0.0,1,0.013,0.0,0.0
2,44,0.5,lazy_MIP_ws_McC,"(1,)",1,771.0,"{""1"": 771.0}",True,0.0,"{""1"": 771.0}",0.0,1,0.003,0.0,0.0
2,44,1.0,lazy_MIP_ws_McC,"(0, 1)",2,1365.0,"{""0"": 581.5, ""1"": 783.5}",True,0.0,"{""0"": 581.5, ""1"": 783.5}",-12.5,3,0.005,0.0,0.013
4,46,0.5,lazy_MIP_ws_McC,"(1,)",1,723.0,"{""1"": 723.0}",True,0.0,"{""1"": 723.0}",0.0,1,0.007,0.0,0.0
4,46,0.5,lazy_MIP_ws_McC,"(2,)",1,718.0,"{""2"": 718.0}",True,0.0,"{""2"": 718.0}",0.0,1,0.002,0.0,0.0
4,46,0.5,lazy_MIP_ws_McC,"(0, 3)",2,1596.0,"{""0"": 704.0, ""3"": 892.0}",True,0.0,"{""0"": 704.0, ""3"": 892.0}",-17.0,3,0.004,0.0,0.0
4,46,1.0,lazy_MIP_ws_McC,"(0, 1, 2, 3)",4,3105.0,"{""0"": 709.0, ""1"": 745.1667, ""2"": 740.0, ""3"": 910.8333}",True,0.0,"{""0"": 708.6667, ""1"": 741.5, ""2"": 738.6667, ""3"": 916.1667}",-5.333333,15,0.091,0.0,0.004
6,48,0.5,lazy_MIP_ws_McC,"(2,)",1,608.0,"{""2"": 608.0}",True,0.0,"{""2"": 608.0}",0.0,1,0.0,0.0,0.0
6,48,0.5,lazy_MIP_ws_McC,"(3,)",1,573.0,"{""3"": 573.0}",True,0.0,"{""3"": 573.0}",0.0,1,0.016,0.0,0.0
6,48,0.5,lazy_MIP_ws_McC,"(0, 1)",2,1364.0,"{""0"": 798.0, ""1"": 566.0}",True,0.0,"{""0"": 798.0, ""1"": 566.0}",-2.0,3,0.016,0.0,0.0
6,48,0.5,lazy_MIP_ws_McC,"(4, 5)",2,1077.0,"{""4"": 692.0, ""5"": 385.0}",True,0.0,"{""4"": 692.0, ""5"": 385.0}",-10.0,3,0.016,0.0,0.0
6,48,1.0,lazy_MIP_ws_McC,"(0, 1, 2, 3, 4, 5)",6,3696.0,"{""0"": 808.6833, ""1"": 585.1, ""2"": 626.6, ""3"": 593.8167, ""4"": 698.7833, ""5"": 383.0167}",False,1.8,"{""0"": 806.3333, ""1"": 587.5, ""2"": 625.8333, ""3"": 597.8333, ""4"": 698.8333, ""5"": 379.6667}",-0.666667,63,0.356,0.0,0.032
8,50,0.5,lazy_MIP_ws_McC,"(0, 5)",2,1507.0,"{""0"": 743.0, ""5"": 764.0}",True,0.0,"{""0"": 743.0, ""5"": 764.0}",-6.0,3,0.031,0.0,0.0
8,50,0.5,lazy_MIP_ws_McC,"(1, 3)",2,1333.0,"{""1"": 614.0, ""3"": 719.0}",True,0.0,"{""1"": 614.0, ""3"": 719.0}",-2.0,3,0.016,0.0,0.0
8,50,0.5,lazy_MIP_ws_McC,"(2, 6)",2,1198.0,"{""2"": 567.0, ""6"": 631.0}",True,0.0,"{""2"": 567.0, ""6"": 631.0}",-11.0,3,0.016,0.0,0.0
8,50,0.5,lazy_MIP_ws_McC,"(4, 7)",2,1449.0,"{""4"": 690.0, ""7"": 759.0}",True,0.0,"{""4"": 690.0, ""7"": 759.0}",-18.0,3,0.016,0.0,0.0
8,50,1.0,lazy_MIP_ws_McC,"(0, 2, 4, 7)",4,2790.0,"{""0"": 760.9167, ""2"": 565.5833, ""4"": 692.75, ""7"": 770.75}",False,1.583333,"{""0"": 763.0, ""2"": 560.0, ""4"": 691.0, ""7"": 776.0}",-4.0,15,0.08,0.0,0.024
8,50,1.0,lazy_MIP_ws_McC,"(1, 3, 5, 6)",4,2816.0,"{""1"": 639.3333, ""3"": 750.6667, ""5"": 786.3333, ""6"": 639.6667}",True,0.0,"{""1"": 637.4, ""3"": 756.4, ""5"": 789.4, ""6"": 632.8}",-9.2,15,0.072,0.0,0.009
10,52,0.5,lazy_MIP_ws_McC,"(0,)",1,883.0,"{""0"": 883.0}",True,0.0,"{""0"": 883.0}",0.0,1,0.004,0.0,0.0
10,52,0.5,lazy_MIP_ws_McC,"(8,)",1,730.0,"{""8"": 730.0}",True,0.0,"{""8"": 730.0}",0.0,1,0.003,0.0,0.0
10,52,0.5,lazy_MIP_ws_McC,"(1, 3)",2,1578.0,"{""1"": 846.5, ""3"": 731.5}",True,0.0,"{""1"": 846.5, ""3"": 731.5}",-6.5,3,0.014,0.0,0.002
10,52,0.5,lazy_MIP_ws_McC,"(2, 9)",2,1355.0,"{""2"": 602.5, ""9"": 752.5}",True,0.0,"{""2"": 602.5, ""9"": 752.5}",-4.5,3,0.02,0.0,0.003
10,52,0.5,lazy_MIP_ws_McC,"(4, 7)",2,1450.0,"{""4"": 695.5, ""7"": 754.5}",True,0.0,"{""4"": 695.5, ""7"": 754.5}",-19.5,3,0.008,0.0,0.0
10,52,0.5,lazy_MIP_ws_McC,"(5, 6)",2,1487.0,"{""5"": 817.0, ""6"": 670.0}",True,0.0,"{""5"": 817.0, ""6"": 670.0}",-20.0,3,0.016,0.0,0.0
10,52,1.0,lazy_MIP_ws_McC,"(1, 3)",2,1602.0,"{""1"": 858.5, ""3"": 743.5}",True,0.0,"{""1"": 858.5, ""3"": 743.5}",-18.5,3,0.0,0.0,0.0
10,52,1.0,lazy_MIP_ws_McC,"(0, 2, 4, 5, 6, 7, 8, 9)",8,5962.0,"{""0"": 892.0083, ""2"": 605.8393, ""4"": 690.5893, ""5"": 819.0107, ""6"": 679.3036, ""7"": 764.1321, ""8"": 745.2131, ""9"": 765.9036}",False,1.364286,"{""0"": 892.0, ""2"": 606.2, ""4"": 691.0, ""5"": 820.4, ""6"": 680.0, ""7"": 766.2, ""8"": 742.8, ""9"": 763.4}",0.0,255,1.507,0.0,0.119
12,54,0.5,lazy_MIP_ws_McC,"(0, 7)",2,1312.0,"{""0"": 636.5, ""7"": 675.5}",True,0.0,"{""0"": 636.5, ""7"": 675.5}",-5.5,3,0.009,0.0,0.0
12,54,0.5,lazy_MIP_ws_McC,"(1, 6)",2,1331.0,"{""1"": 796.0, ""6"": 535.0}",True,0.0,"{""1"": 796.0, ""6"": 535.0}",-18.0,3,0.016,0.0,0.0
12,54,0.5,lazy_MIP_ws_McC,"(2, 9)",2,1370.0,"{""2"": 659.0, ""9"": 711.0}",True,0.0,"{""2"": 659.0, ""9"": 711.0}",-16.0,3,0.016,0.0,0.0
12,54,0.5,lazy_MIP_ws_McC,"(3, 5)",2,1284.0,"{""3"": 672.0, ""5"": 612.0}",True,0.0,"{""3"": 672.0, ""5"": 612.0}",-11.0,3,0.016,0.0,0.0
12,54,0.5,lazy_MIP_ws_McC,"(4, 8)",2,1447.0,"{""4"": 662.5, ""8"": 784.5}",True,0.0,"{""4"": 662.5, ""8"": 784.5}",-25.5,3,0.016,0.0,0.0
12,54,0.5,lazy_MIP_ws_McC,"(10, 11)",2,1500.0,"{""10"": 706.5, ""11"": 793.5}",True,0.0,"{""10"": 706.5, ""11"": 793.5}",-4.5,3,0.027,0.0,0.0
12,54,1.0,lazy_MIP_ws_McC,"(2, 7, 9)",3,2052.0,"{""2"": 663.0, ""7"": 680.5, ""9"": 708.5}",True,0.0,"{""2"": 668.3333, ""7"": 676.3333, ""9"": 707.3333}",-5.666667,7,0.032,0.0,0.0
12,54,1.0,lazy_MIP_ws_McC,"(0, 1, 3, 4, 5, 6, 8, 10, 11)",9,6273.0,"{""0"": 644.3829, ""1"": 808.7853, ""3"": 672.6841, ""4"": 652.8437, ""5"": 624.3948, ""6"": 547.2413, ""8"": 804.9901, ""10"": 711.202, ""11"": 806.4758}",False,4.910714,"{""0"": 639.9907, ""1"": 811.0556, ""3"": 671.5833, ""4"": 652.7593, ""5"": 624.2037, ""6"": 550.2778, ""8"": 807.3241, ""10"": 710.0278, ""11"": 805.7778}",-0.666667,511,3.143,0.0,0.359
14,56,0.5,lazy_MIP_ws_McC,"(4,)",1,679.0,"{""4"": 679.0}",True,0.0,"{""4"": 679.0}",0.0,1,0.004,0.0,0.0
14,56,0.5,lazy_MIP_ws_McC,"(0, 8)",2,1133.0,"{""0"": 631.5, ""8"": 501.5}",True,0.0,"{""0"": 631.5, ""8"": 501.5}",-25.5,3,0.009,0.0,0.002
14,56,0.5,lazy_MIP_ws_McC,"(6, 7)",2,1252.0,"{""6"": 628.5, ""7"": 623.5}",True,0.0,"{""6"": 628.5, ""7"": 623.5}",-3.5,3,0.009,0.0,0.002
14,56,0.5,lazy_MIP_ws_McC,"(12, 13)",2,1407.0,"{""12"": 653.0, ""13"": 754.0}",True,0.0,"{""12"": 653.0, ""13"": 754.0}",-6.0,3,0.009,0.0,0.0
14,56,0.5,lazy_MIP_ws_McC,"(1, 10, 11)",3,1763.0,"{""1"": 542.6667, ""10"": 716.6667, ""11"": 503.6667}",True,0.0,"{""1"": 541.5, ""10"": 719.0, ""11"": 502.5}",-5.5,7,0.023,0.0,0.004
14,56,0.5,lazy_MIP_ws_McC,"(2, 3, 5, 9)",4,2621.0,"{""2"": 681.3333, ""3"": 697.6667, ""5"": 416.0, ""9"": 826.0}",False,1.0,"{""2"": 683.6667, ""3"": 689.6667, ""5"": 416.8333, ""9"": 830.8333}",-4.666667,15,0.069,0.0,0.0
14,56,1.0,lazy_MIP_ws_McC,"(0, 5, 8, 9, 10, 11, 13)",7,4404.0,"{""0"": 629.4548, ""5"": 410.0214, ""8"": 519.0048, ""9"": 850.9548, ""10"": 717.4048, ""11"": 514.4048, ""13"": 762.7548}",False,0.285714,"{""0"": 629.25, ""5"": 408.6667, ""8"": 523.5833, ""9"": 851.25, ""10"": 716.6667, ""11"": 513.4167, ""13"": 761.1667}",-3.0,127,0.602,0.0,0.092
14,56,1.0,lazy_MIP_ws_McC,"(1, 2, 3, 4, 6, 7, 12)",7,4549.0,"{""1"": 541.2929, ""2"": 689.8595, ""3"": 704.3262, ""4"": 683.3262, ""6"": 648.1429, ""7"": 624.6095, ""12"": 657.4429}",False,0.32619,"{""1"": 540.25, ""2"": 689.5, ""3"": 707.0, ""4"": 681.0, ""6"": 650.5, ""7"": 623.25, ""12"": 657.5}",-2.0,127,0.672,0.0,0.065
16,58,0.5,lazy_MIP_ws_McC,"(0,)",1,709.0,"{""0"": 709.0}",True,0.0,"{""0"": 709.0}",0.0,1,0.004,0.0,0.0
16,58,0.5,lazy_MIP_ws_McC,"(12,)",1,656.0,"{""12"": 656.0}",True,0.0,"{""12"": 656.0}",0.0,1,0.002,0.0,0.0
16,58,0.5,lazy_MIP_ws_McC,"(13,)",1,824.0,"{""13"": 824.0}",True,0.0,"{""13"": 824.0}",0.0,1,0.004,0.0,0.0
16,58,0.5,lazy_MIP_ws_McC,"(1, 6)",2,1208.0,"{""1"": 632.0, ""6"": 576.0}",True,0.0,"{""1"": 632.0, ""6"": 576.0}",-12.0,3,0.011,0.0,0.002
16,58,0.5,lazy_MIP_ws_McC,"(2, 15)",2,1334.0,"{""2"": 691.5, ""15"": 642.5}",True,0.0,"{""2"": 691.5, ""15"": 642.5}",-1.5,3,0.009,0.0,0.002
16,58,0.5,lazy_MIP_ws_McC,"(4, 5)",2,1312.0,"{""4"": 586.0, ""5"": 726.0}",True,0.0,"{""4"": 586.0, ""5"": 726.0}",-9.0,3,0.01,0.0,0.0
16,58,0.5,lazy_MIP_ws_McC,"(8, 10)",2,1176.0,"{""8"": 844.5, ""10"": 331.5}",True,0.0,"{""8"": 844.5, ""10"": 331.5}",-54.5,3,0.0,0.0,0.0
16,58,0.5,lazy_MIP_ws_McC,"(11, 14)",2,1280.0,"{""11"": 657.5, ""14"": 622.5}",True,0.0,"{""11"": 657.5, ""14"": 622.5}",-28.5,3,0.016,0.0,0.0
16,58,0.5,lazy_MIP_ws_McC,"(3, 7, 9)",3,1751.0,"{""3"": 555.3333, ""7"": 674.3333, ""9"": 521.3333}",True,0.0,"{""3"": 551.5, ""7"": 672.25, ""9"": 527.25}",-4.5,7,0.028,0.0,0.004
16,58,1.0,lazy_MIP_ws_McC,"(0, 1, 4, 7, 11, 12, 13, 14)",8,5394.0,"{""0"": 718.2786, ""1"": 634.2143, ""4"": 594.6881, ""7"": 658.3, ""11"": 662.8071, ""12"": 658.5333, ""13"": 831.8286, ""14"": 635.35}",False,6.87619,"{""0"": 718.0, ""1"": 634.1667, ""4"": 595.0, ""7"": 653.3333, ""11"": 667.1667, ""12"": 656.0, ""13"": 830.0, ""14"": 640.3333}",0.0,255,1.272,0.0,0.202
16,58,1.0,lazy_MIP_ws_McC,"(2, 3, 5, 6, 8, 9, 10, 15)",8,4947.0,"{""2"": 703.6214, ""3"": 558.3738, ""5"": 731.5881, ""6"": 586.9667, ""8"": 841.4048, ""9"": 537.0381, ""10"": 335.0429, ""15"": 652.9643}",False,9.92619,"{""2"": 698.25, ""3"": 556.65, ""5"": 727.85, ""6"": 586.2, ""8"": 844.05, ""9"": 544.2, ""10"": 343.05, ""15"": 646.75}",-1.75,255,1.436,0.0,0.174
18,60,0.5,lazy_MIP_ws_McC,"(5,)",1,706.0,"{""5"": 706.0}",True,0.0,"{""5"": 706.0}",0.0,1,0.006,0.0,0.0
18,60,0.5,lazy_MIP_ws_McC,"(9,)",1,650.0,"{""9"": 650.0}",True,0.0,"{""9"": 650.0}",0.0,1,0.0,0.0,0.0
18,60,0.5,lazy_MIP_ws_McC,"(11,)",1,578.0,"{""11"": 578.0}",True,0.0,"{""11"": 578.0}",0.0,1,0.0,0.0,0.0
18,60,0.5,lazy_MIP_ws_McC,"(0, 2)",2,1213.0,"{""0"": 597.5, ""2"": 615.5}",True,0.0,"{""0"": 597.5, ""2"": 615.5}",-2.5,3,0.012,0.0,0.0
18,60,0.5,lazy_MIP_ws_McC,"(1, 4)",2,1193.0,"{""1"": 541.0, ""4"": 652.0}",True,0.0,"{""1"": 541.0, ""4"": 652.0}",-10.0,3,0.015,0.0,0.0
18,60,0.5,lazy_MIP_ws_McC,"(3, 13)",2,1497.0,"{""3"": 837.0, ""13"": 660.0}",True,0.0,"{""3"": 837.0, ""13"": 660.0}",-2.0,3,0.0,0.0,0.0
18,60,0.5,lazy_MIP_ws_McC,"(6, 10)",2,991.0,"{""6"": 576.5, ""10"": 414.5}",True,0.0,"{""6"": 576.5, ""10"": 414.5}",-18.5,3,0.018,0.0,0.0
18,60,0.5,lazy_MIP_ws_McC,"(7, 16)",2,1469.0,"{""7"": 943.0, ""16"": 526.0}",True,0.0,"{""7"": 943.0, ""16"": 526.0}",-15.0,3,0.018,0.0,0.002
18,60,0.5,lazy_MIP_ws_McC,"(8, 17)",2,1598.0,"{""8"": 782.5, ""17"": 815.5}",True,0.0,"{""8"": 782.5, ""17"": 815.5}",-15.5,3,0.009,0.0,0.0
18,60,0.5,lazy_MIP_ws_McC,"(12, 14, 15)",3,1532.0,"{""12"": 580.3333, ""14"": 468.8333, ""15"": 482.8333}",True,0.0,"{""12"": 578.3333, ""14"": 471.3333, ""15"": 482.3333}",-6.666667,7,0.015,0.0,0.0
18,60,1.0,lazy_MIP_ws_McC,"(4, 13, 14, 17)",4,2631.0,"{""4"": 663.5, ""13"": 672.5, ""14"": 472.6667, ""17"": 822.3333}",True,0.0,"{""4"": 660.5, ""13"": 670.5, ""14"": 477.5, ""17"": 822.5}",-5.5,15,0.096,0.0,0.0
18,60,1.0,lazy_MIP_ws_McC,"(0, 1, 2, 3, 6, 10, 16)",7,4177.0,"{""0"": 608.6452, ""1"": 536.8786, ""2"": 631.5952, ""3"": 851.2786, ""6"": 594.1786, ""10"": 417.5619, ""16"": 536.8619}",False,2.878571,"{""0"": 609.0, ""1"": 532.5, ""2"": 632.25, ""3"": 850.0, ""6"": 599.25, ""10"": 416.25, ""16"": 537.75}",-1.5,127,0.673,0.0,0.092
18,60,1.0,lazy_MIP_ws_McC,"(5, 7, 8, 9, 11, 12, 15)",7,4752.0,"{""5"": 713.2762, ""7"": 948.7262, ""8"": 784.4929, ""9"": 661.6429, ""11"": 584.0429, ""12"": 577.0095, ""15"": 482.8095}",False,1.319048,"{""5"": 712.0, ""7"": 950.0, ""8"": 786.0, ""9"": 660.5, ""11"": 582.75, ""12"": 576.25, ""15"": 484.5}",0.0,127,0.665,0.0,0.037
20,62,0.5,lazy_MIP_ws_McC,"(18,)",1,843.0,"{""18"": 843.0}",True,0.0,"{""18"": 843.0}",0.0,1,0.011,0.0,0.0
20,62,0.5,lazy_MIP_ws_McC,"(0, 16)",2,1251.0,"{""0"": 756.0, ""16"": 495.0}",True,0.0,"{""0"": 756.0, ""16"": 495.0}",-13.0,3,0.005,0.0,0.0
20,62,0.5,lazy_MIP_ws_McC,"(2, 15)",2,1222.0,"{""2"": 688.5, ""15"": 533.5}",True,0.0,"{""2"": 688.5, ""15"": 533.5}",-7.5,3,0.016,0.0,0.0
20,62,0.5,lazy_MIP_ws_McC,"(3, 4)",2,1376.0,"{""3"": 507.5, ""4"": 868.5}",True,0.0,"{""3"": 507.5, ""4"": 868.5}",-7.5,3,0.031,0.0,0.0
20,62,0.5,lazy_MIP_ws_McC,"(6, 12)",2,1390.0,"{""6"": 872.5, ""12"": 517.5}",True,0.0,"{""6"": 872.5, ""12"": 517.5}",-28.5,3,0.016,0.0,0.0
20,62,0.5,lazy_MIP_ws_McC,"(7, 11)",2,1076.0,"{""7"": 723.5, ""11"": 352.5}",True,0.0,"{""7"": 723.5, ""11"": 352.5}",-43.5,3,0.016,0.0,0.0
20,62,0.5,lazy_MIP_ws_McC,"(9, 17)",2,1364.0,"{""9"": 815.5, ""17"": 548.5}",True,0.0,"{""9"": 815.5, ""17"": 548.5}",-12.5,3,0.016,0.0,0.0
20,62,0.5,lazy_MIP_ws_McC,"(10, 14)",2,1158.0,"{""10"": 581.0, ""14"": 577.0}",True,0.0,"{""10"": 581.0, ""14"": 577.0}",-13.0,3,0.016,0.0,0.0
20,62,0.5,lazy_MIP_ws_McC,"(13, 19)",2,1150.0,"{""13"": 585.5, ""19"": 564.5}",True,0.0,"{""13"": 585.5, ""19"": 564.5}",-11.5,3,0.016,0.0,0.0
20,62,0.5,lazy_MIP_ws_McC,"(1, 5, 8)",3,2078.0,"{""1"": 647.8333, ""5"": 850.3333, ""8"": 579.8333}",True,0.0,"{""1"": 644.0, ""5"": 847.5, ""8"": 586.5}",-6.0,7,0.032,0.0,0.0
20,62,1.0,lazy_MIP_ws_McC,"(7, 9, 10, 17)",4,2653.0,"{""7"": 693.5, ""9"": 819.8333, ""10"": 586.8333, ""17"": 552.8333}",True,0.0,"{""7"": 692.0, ""9"": 818.5, ""10"": 589.5, ""17"": 553.0}",-6.0,15,0.064,0.0,0.0
20,62,1.0,lazy_MIP_ws_McC,"(1, 2, 8, 11, 15, 18, 19)",7,4268.0,"{""1"": 645.2833, ""2"": 689.6, ""8"": 594.5667, ""11"": 382.6667, ""15"": 541.0833, ""18"": 850.5667, ""19"": 564.2333}",False,9.883333,"{""1"": 642.0, ""2"": 682.0, ""8"": 595.0, ""11"": 391.0, ""15"": 544.0, ""18"": 852.0, ""19"": 562.0}",-1.0,127,0.637,0.0,0.112
20,62,1.0,lazy_MIP_ws_McC,"(0, 3, 4, 5, 6, 12, 13, 14, 16)",9,6057.0,"{""0"": 752.0841, ""3"": 516.2187, ""4"": 872.5103, ""5"": 848.3806, ""6"": 867.9829, ""12"": 525.3698, ""13"": 594.3591, ""14"": 575.3389, ""16"": 504.7556}",False,4.688889,"{""0"": 750.3077, ""3"": 517.1538, ""4"": 870.5385, ""5"": 848.7692, ""6"": 869.6154, ""12"": 528.3846, ""13"": 595.1538, ""14"": 572.3846, ""16"": 504.6923}",-1.0,511,3.334,0.017,0.351
22,64,0.5,lazy_MIP_ws_McC,"(0, 8)",2,1554.0,"{""0"": 746.0, ""8"": 808.0}",True,0.0,"{""0"": 746.0, ""8"": 808.0}",-14.0,3,0.019,0.0,0.0
22,64,0.5,lazy_MIP_ws_McC,"(1, 17)",2,1496.0,"{""1"": 763.5, ""17"": 732.5}",True,0.0,"{""1"": 763.5, ""17"": 732.5}",-15.5,3,0.013,0.0,0.0
22,64,0.5,lazy_MIP_ws_McC,"(2, 20)",2,1330.0,"{""2"": 655.0, ""20"": 675.0}",True,0.0,"{""2"": 655.0, ""20"": 675.0}",-35.0,3,0.016,0.0,0.0
22,64,0.5,lazy_MIP_ws_McC,"(3, 19)",2,1514.0,"{""3"": 896.0, ""19"": 618.0}",True,0.0,"{""3"": 896.0, ""19"": 618.0}",-18.0,3,0.016,0.0,0.0
22,64,0.5,lazy_MIP_ws_McC,"(4, 5)",2,1437.0,"{""4"": 578.0, ""5"": 859.0}",True,0.0,"{""4"": 578.0, ""5"": 859.0}",-13.0,3,0.019,0.0,0.0
22,64,0.5,lazy_MIP_ws_McC,"(6, 14)",2,1307.0,"{""6"": 725.5, ""14"": 581.5}",True,0.0,"{""6"": 725.5, ""14"": 581.5}",-20.5,3,0.013,0.0,0.0
22,64,0.5,lazy_MIP_ws_McC,"(7, 9)",2,1193.0,"{""7"": 619.0, ""9"": 574.0}",True,0.0,"{""7"": 619.0, ""9"": 574.0}",-11.0,3,0.016,0.0,0.0
22,64,0.5,lazy_MIP_ws_McC,"(10, 15)",2,1263.0,"{""10"": 655.5, ""15"": 607.5}",True,0.0,"{""10"": 655.5, ""15"": 607.5}",-11.5,3,0.016,0.0,0.0
22,64,0.5,lazy_MIP_ws_McC,"(11, 21)",2,1200.0,"{""11"": 511.0, ""21"": 689.0}",True,0.0,"{""11"": 511.0, ""21"": 689.0}",-23.0,3,0.032,0.0,0.0
22,64,0.5,lazy_MIP_ws_McC,"(12, 18)",2,1339.0,"{""12"": 676.0, ""18"": 663.0}",True,0.0,"{""12"": 676.0, ""18"": 663.0}",-9.0,3,0.016,0.0,0.008
22,64,0.5,lazy_MIP_ws_McC,"(13, 16)",2,1518.0,"{""13"": 691.5, ""16"": 826.5}",True,0.0,"{""13"": 691.5, ""16"": 826.5}",-8.5,3,0.008,0.0,0.0
22,64,1.0,lazy_MIP_ws_McC,"(9, 15, 16, 17, 20, 21)",6,4199.0,"{""9"": 586.0833, ""15"": 630.2333, ""16"": 847.1, ""17"": 752.05, ""20"": 684.8667, ""21"": 698.6667}",True,0.0,"{""9"": 584.9, ""15"": 631.5, ""16"": 848.6, ""17"": 751.3, ""20"": 685.9, ""21"": 696.8}",-6.2,63,0.351,0.0,0.016
22,64,1.0,lazy_MIP_ws_McC,"(0, 2, 4, 11, 12, 18, 19)",7,4514.0,"{""0"": 753.0167, ""2"": 657.3, ""4"": 584.1333, ""11"": 521.0667, ""12"": 683.15, ""18"": 675.3667, ""19"": 639.9667}",False,3.516667,"{""0"": 749.75, ""2"": 659.9375, ""4"": 582.875, ""11"": 520.25, ""12"": 680.25, ""18"": 676.375, ""19"": 644.5625}",0.0,127,0.637,0.0,0.128
22,64,1.0,lazy_MIP_ws_McC,"(1, 3, 5, 6, 7, 8, 10, 13, 14)",9,6627.0,"{""1"": 757.4925, ""3"": 897.2329, ""5"": 864.4972, ""6"": 737.4532, ""7"": 627.5901, ""8"": 812.9698, ""10"": 654.5925, ""13"": 695.9091, ""14"": 579.2627}",False,2.347619,"{""1"": 755.0556, ""3"": 897.2778, ""5"": 866.5926, ""6"": 740.4444, ""7"": 627.8519, ""8"": 812.6852, ""10"": 653.8333, ""13"": 695.6481, ""14"": 577.6111}",0.0,511,3.439,0.0,0.286
24,66,0.5,lazy_MIP_ws_McC,"(21,)",1,829.0,"{""21"": 829.0}",True,0.0,"{""21"": 829.0}",0.0,1,0.003,0.0,0.0
24,66,0.5,lazy_MIP_ws_McC,"(23,)",1,594.0,"{""23"": 594.0}",True,0.0,"{""23"": 594.0}",0.0,1,0.002,0.0,0.0
24,66,0.5,lazy_MIP_ws_McC,"(2, 16)",2,1329.0,"{""2"": 416.5, ""16"": 912.5}",True,0.0,"{""2"": 416.5, ""16"": 912.5}",-29.5,3,0.011,0.0,0.004
24,66,0.5,lazy_MIP_ws_McC,"(3, 7)",2,1441.0,"{""3"": 783.5, ""7"": 657.5}",True,0.0,"{""3"": 783.5, ""7"": 657.5}",-12.5,3,0.018,0.0,0.002
24,66,0.5,lazy_MIP_ws_McC,"(5, 12)",2,1427.0,"{""5"": 709.5, ""12"": 717.5}",True,0.0,"{""5"": 709.5, ""12"": 717.5}",-13.5,3,0.008,0.0,0.0
24,66,0.5,lazy_MIP_ws_McC,"(6, 14)",2,1415.0,"{""6"": 680.0, ""14"": 735.0}",True,0.0,"{""6"": 680.0, ""14"": 735.0}",-12.0,3,0.0,0.0,0.0
24,66,0.5,lazy_MIP_ws_McC,"(9, 11)",2,1409.0,"{""9"": 641.5, ""11"": 767.5}",True,0.0,"{""9"": 641.5, ""11"": 767.5}",-0.5,3,0.016,0.0,0.0
24,66,0.5,lazy_MIP_ws_McC,"(10, 15)",2,1241.0,"{""10"": 630.5, ""15"": 610.5}",True,0.0,"{""10"": 630.5, ""15"": 610.5}",-13.5,3,0.018,0.0,0.0
24,66,0.5,lazy_MIP_ws_McC,"(13, 22)",2,1324.0,"{""13"": 531.5, ""22"": 792.5}",True,0.0,"{""13"": 531.5, ""22"": 792.5}",-14.5,3,0.014,0.0,0.0
24,66,0.5,lazy_MIP_ws_McC,"(17, 19)",2,1298.0,"{""17"": 680.5, ""19"": 617.5}",True,0.0,"{""17"": 680.5, ""19"": 617.5}",-9.5,3,0.013,0.0,0.0
24,66,0.5,lazy_MIP_ws_McC,"(18, 20)",2,1409.0,"{""18"": 710.5, ""20"": 698.5}",True,0.0,"{""18"": 710.5, ""20"": 698.5}",-6.5,3,0.004,0.0,0.009
24,66,0.5,lazy_MIP_ws_McC,"(0, 1, 4, 8)",4,2599.0,"{""0"": 690.4167, ""1"": 510.25, ""4"": 639.0833, ""8"": 759.25}",True,0.0,"{""0"": 694.25, ""1"": 510.25, ""4"": 644.375, ""8"": 750.125}",-5.5,15,0.071,0.0,0.0
24,66,1.0,lazy_MIP_ws_McC,"(2, 16, 19)",3,1949.0,"{""2"": 414.8333, ""16"": 911.3333, ""19"": 622.8333}",False,2.833333,"{""2"": 419.0, ""16"": 916.0, ""19"": 614.0}",-6.0,7,0.032,0.0,0.0
24,66,1.0,lazy_MIP_ws_McC,"(3, 6, 14)",3,2207.0,"{""3"": 780.0, ""6"": 686.0, ""14"": 741.0}",True,0.0,"{""3"": 778.5, ""6"": 686.75, ""14"": 741.75}",-7.5,7,0.036,0.0,0.0
24,66,1.0,lazy_MIP_ws_McC,"(0, 8, 9, 12, 20)",5,3555.0,"{""0"": 694.7833, ""8"": 768.7, ""9"": 651.95, ""12"": 732.5333, ""20"": 707.0333}",False,1.983333,"{""0"": 691.25, ""8"": 772.25, ""9"": 647.25, ""12"": 739.25, ""20"": 705.0}",-4.75,31,0.142,0.0,0.008
24,66,1.0,lazy_MIP_ws_McC,"(4, 15, 17, 18, 21, 23)",6,4080.0,"{""4"": 644.0667, ""15"": 608.05, ""17"": 686.8, ""18"": 708.9167, ""21"": 830.95, ""23"": 601.2167}",False,1.916667,"{""4"": 646.5714, ""15"": 607.7143, ""17"": 689.0, ""18"": 705.8571, ""21"": 830.5714, ""23"": 600.2857}",-1.0,63,0.265,0.0,0.024
24,66,1.0,lazy_MIP_ws_McC,"(1, 5, 7, 10, 11, 13, 22)",7,4640.0,"{""1"": 521.7381, ""5"": 706.2381, ""7"": 659.3381, ""10"": 639.8048, ""11"": 780.9214, ""13"": 542.6381, ""22"": 789.3214}",False,1.047619,"{""1"": 523.0, ""5"": 704.25, ""7"": 659.15, ""10"": 643.55, ""11"": 777.65, ""13"": 546.1, ""22"": 786.3}",-1.5,127,0.705,0.0,0.064
26,68,0.5,lazy_MIP_ws_McC,"(0,)",1,783.0,"{""0"": 783.0}",True,0.0,"{""0"": 783.0}",0.0,1,0.017,0.0,0.0
26,68,0.5,lazy_MIP_ws_McC,"(1, 22)",2,1413.0,"{""1"": 750.5, ""22"": 662.5}",True,0.0,"{""1"": 750.5, ""22"": 662.5}",-15.5,3,0.01,0.0,0.002
26,68,0.5,lazy_MIP_ws_McC,"(2, 12)",2,1350.0,"{""2"": 630.5, ""12"": 719.5}",True,0.0,"{""2"": 630.5, ""12"": 719.5}",-16.5,3,0.009,0.0,0.002
26,68,0.5,lazy_MIP_ws_McC,"(3, 20)",2,1352.0,"{""3"": 602.5, ""20"": 749.5}",True,0.0,"{""3"": 602.5, ""20"": 749.5}",-24.5,3,0.008,0.0,0.0
26,68,0.5,lazy_MIP_ws_McC,"(4, 7)",2,1572.0,"{""4"": 850.0, ""7"": 722.0}",True,0.0,"{""4"": 850.0, ""7"": 722.0}",-11.0,3,0.016,0.0,0.0
26,68,0.5,lazy_MIP_ws_McC,"(5, 16)",2,1528.0,"{""5"": 725.5, ""16"": 802.5}",True,0.0,"{""5"": 725.5, ""16"": 802.5}",-8.5,3,0.015,0.0,0.0
26,68,0.5,lazy_MIP_ws_McC,"(6, 10)",2,1227.0,"{""6"": 774.0, ""10"": 453.0}",True,0.0,"{""6"": 774.0, ""10"": 453.0}",-19.0,3,0.016,0.0,0.0
26,68,0.5,lazy_MIP_ws_McC,"(8, 19)",2,1426.0,"{""8"": 871.5, ""19"": 554.5}",True,0.0,"{""8"": 871.5, ""19"": 554.5}",-13.5,3,0.018,0.0,0.0
26,68,0.5,lazy_MIP_ws_McC,"(9, 15)",2,1475.0,"{""9"": 834.0, ""15"": 641.0}",True,0.0,"{""9"": 834.0, ""15"": 641.0}",-10.0,3,0.013,0.0,0.0
26,68,0.5,lazy_MIP_ws_McC,"(14, 18)",2,1275.0,"{""14"": 490.0, ""18"": 785.0}",True,0.0,"{""14"": 490.0, ""18"": 785.0}",-39.0,3,0.016,0.0,0.0
26,68,0.5,lazy_MIP_ws_McC,"(21, 24)",2,1388.0,"{""21"": 659.5, ""24"": 728.5}",True,0.0,"{""21"": 659.5, ""24"": 728.5}",-23.5,3,0.0,0.0,0.0
26,68,0.5,lazy_MIP_ws_McC,"(23, 25)",2,1148.0,"{""23"": 612.5, ""25"": 535.5}",True,0.0,"{""23"": 612.5, ""25"": 535.5}",-19.5,3,0.016,0.0,0.0
26,68,0.5,lazy_MIP_ws_McC,"(11, 13, 17)",3,1925.0,"{""11"": 592.5, ""13"": 738.5, ""17"": 594.0}",False,1.5,"{""11"": 603.0, ""13"": 731.0, ""17"": 591.0}",-6.0,7,0.035,0.0,0.005
26,68,1.0,lazy_MIP_ws_McC,"(4, 8)",2,1732.0,"{""4"": 856.5, ""8"": 875.5}",True,0.0,"{""4"": 856.5, ""8"": 875.5}",-17.5,3,0.012,0.0,0.002
26,68,1.0,lazy_MIP_ws_McC,"(5, 7, 20, 21)",4,2889.0,"{""5"": 732.8333, ""7"": 732.8333, ""20"": 752.1667, ""21"": 671.1667}",True,0.0,"{""5"": 728.5, ""7"": 733.5, ""20"": 749.5, ""21"": 677.5}",-10.0,15,0.065,0.0,0.01
26,68,1.0,lazy_MIP_ws_McC,"(0, 2, 3, 10, 25)",5,3035.0,"{""0"": 791.9333, ""2"": 636.0167, ""3"": 603.7667, ""10"": 463.9333, ""25"": 539.35}",False,3.933333,"{""0"": 785.5, ""2"": 636.75, ""3"": 605.0, ""10"": 468.0, ""25"": 539.75}",-2.5,31,0.14,0.0,0.032
26,68,1.0,lazy_MIP_ws_McC,"(1, 12, 13, 14, 17, 22)",6,4016.0,"{""1"": 757.3, ""12"": 730.2333, ""13"": 741.0667, ""14"": 511.4167, ""17"": 605.3667, ""22"": 670.6167}",True,0.0,"{""1"": 753.375, ""12"": 730.0, ""13"": 736.75, ""14"": 519.375, ""17"": 605.875, ""22"": 670.625}",-6.0,63,0.303,0.016,0.032
26,68,1.0,lazy_MIP_ws_McC,"(6, 9, 11, 15, 16, 18, 19, 23, 24)",9,6349.0,"{""6"": 766.4409, ""9"": 845.6361, ""11"": 586.673, ""15"": 646.2599, ""16"": 817.9885, ""18"": 769.8813, ""19"": 560.6587, ""23"": 617.2635, ""24"": 738.198}",False,4.582143,"{""6"": 764.5, ""9"": 843.125, ""11"": 590.25, ""15"": 647.25, ""16"": 820.25, ""18"": 766.25, ""19"": 560.75, ""23"": 620.25, ""24"": 736.375}",0.0,511,3.078,0.0,0.158
28,70,0.5,lazy_MIP_ws_McC,"(7,)",1,583.0,"{""7"": 583.0}",True,0.0,"{""7"": 583.0}",0.0,1,0.0,0.0,0.0
28,70,0.5,lazy_MIP_ws_McC,"(0, 10)",2,1448.0,"{""0"": 588.5, ""10"": 859.5}",True,0.0,"{""0"": 588.5, ""10"": 859.5}",-11.5,3,0.0,0.0,0.016
28,70,0.5,lazy_MIP_ws_McC,"(2, 11)",2,1450.0,"{""2"": 605.0, ""11"": 845.0}",True,0.0,"{""2"": 605.0, ""11"": 845.0}",-15.0,3,0.0,0.0,0.016
28,70,0.5,lazy_MIP_ws_McC,"(3, 14)",2,1229.0,"{""3"": 658.0, ""14"": 571.0}",True,0.0,"{""3"": 658.0, ""14"": 571.0}",-22.0,3,0.016,0.0,0.0
28,70,0.5,lazy_MIP_ws_McC,"(4, 25)",2,1286.0,"{""4"": 659.5, ""25"": 626.5}",True,0.0,"{""4"": 659.5, ""25"": 626.5}",-10.5,3,0.016,0.0,0.0
28,70,0.5,lazy_MIP_ws_McC,"(5, 13)",2,1447.0,"{""5"": 695.0, ""13"": 752.0}",True,0.0,"{""5"": 695.0, ""13"": 752.0}",-22.0,3,0.016,0.0,0.0
28,70,0.5,lazy_MIP_ws_McC,"(9, 23)",2,1304.0,"{""9"": 691.0, ""23"": 613.0}",True,0.0,"{""9"": 691.0, ""23"": 613.0}",-15.0,3,0.016,0.0,0.0
28,70,0.5,lazy_MIP_ws_McC,"(12, 20)",2,1226.0,"{""12"": 599.0, ""20"": 627.0}",True,0.0,"{""12"": 599.0, ""20"": 627.0}",-4.0,3,0.016,0.0,0.016
28,70,0.5,lazy_MIP_ws_McC,"(15, 27)",2,1296.0,"{""15"": 696.0, ""27"": 600.0}",True,0.0,"{""15"": 696.0, ""27"": 600.0}",-8.0,3,0.0,0.0,0.0
28,70,0.5,lazy_MIP_ws_McC,"(16, 21)",2,1068.0,"{""16"": 492.5, ""21"": 575.5}",True,0.0,"{""16"": 492.5, ""21"": 575.5}",-2.5,3,0.016,0.0,0.0
28,70,0.5,lazy_MIP_ws_McC,"(17, 24)",2,1380.0,"{""17"": 781.5, ""24"": 598.5}",True,0.0,"{""17"": 781.5, ""24"": 598.5}",-5.5,3,0.016,0.0,0.0
28,70,0.5,lazy_MIP_ws_McC,"(18, 22)",2,1484.0,"{""18"": 910.5, ""22"": 573.5}",True,0.0,"{""18"": 910.5, ""22"": 573.5}",-21.5,3,0.016,0.0,0.0
28,70,0.5,lazy_MIP_ws_McC,"(19, 26)",2,1466.0,"{""19"": 824.5, ""26"": 641.5}",True,0.0,"{""19"": 824.5, ""26"": 641.5}",-15.5,3,0.016,0.0,0.0
28,70,0.5,lazy_MIP_ws_McC,"(1, 6, 8)",3,2109.0,"{""1"": 748.6667, ""6"": 790.6667, ""8"": 569.6667}",True,0.0,"{""1"": 750.6667, ""6"": 791.6667, ""8"": 566.6667}",-12.333333,7,0.032,0.0,0.0
28,70,1.0,lazy_MIP_ws_McC,"(0, 9, 26)",3,1940.0,"{""0"": 600.8333, ""9"": 690.8333, ""26"": 648.3333}",True,0.0,"{""0"": 604.3333, ""9"": 685.3333, ""26"": 650.3333}",-8.666667,7,0.016,0.0,0.0
28,70,1.0,lazy_MIP_ws_McC,"(1, 3, 23)",3,2032.0,"{""1"": 755.6667, ""3"": 660.1667, ""23"": 616.1667}",True,0.0,"{""1"": 762.0, ""3"": 660.0, ""23"": 610.0}",-9.0,7,0.047,0.0,0.0
28,70,1.0,lazy_MIP_ws_McC,"(4, 8, 11, 20)",4,2717.0,"{""4"": 668.3333, ""8"": 566.5, ""11"": 848.3333, ""20"": 633.8333}",False,0.333333,"{""4"": 667.0, ""8"": 567.0, ""11"": 850.5, ""20"": 632.5}",-0.5,15,0.079,0.0,0.0
28,70,1.0,lazy_MIP_ws_McC,"(6, 14, 24, 25, 27)",5,3210.0,"{""6"": 794.3667, ""14"": 580.3667, ""24"": 603.3667, ""25"": 628.6167, ""27"": 603.2833}",False,1.983333,"{""6"": 794.5, ""14"": 585.6667, ""24"": 601.3333, ""25"": 625.1667, ""27"": 603.3333}",-1.333333,31,0.111,0.0,0.016
28,70,1.0,lazy_MIP_ws_McC,"(12, 13, 15, 17, 21, 22)",6,4025.0,"{""12"": 606.45, ""13"": 752.6333, ""15"": 710.4833, ""17"": 787.8833, ""21"": 586.8333, ""22"": 580.7167}",False,1.083333,"{""12"": 605.0, ""13"": 751.0, ""15"": 714.0, ""17"": 786.0, ""21"": 585.0, ""22"": 584.0}",-1.0,63,0.285,0.0,0.032
28,70,1.0,lazy_MIP_ws_McC,"(2, 5, 7, 10, 16, 18, 19)",7,5006.0,"{""2"": 606.8024, ""5"": 703.4524, ""7"": 591.869, ""10"": 859.7357, ""16"": 498.1857, ""18"": 918.3024, ""19"": 827.6524}",False,0.838095,"{""2"": 608.5833, ""5"": 706.6667, ""7"": 591.1667, ""10"": 856.375, ""16"": 497.0, ""18"": 920.375, ""19"": 825.8333}",-1.5,127,0.681,0.0,0.079
30,72,0.5,lazy_MIP_ws_McC,"(0,)",1,776.0,"{""0"": 776.0}",True,0.0,"{""0"": 776.0}",0.0,1,0.016,0.0,0.0
30,72,0.5,lazy_MIP_ws_McC,"(7,)",1,780.0,"{""7"": 780.0}",True,0.0,"{""7"": 780.0}",0.0,1,0.0,0.0,0.0
30,72,0.5,lazy_MIP_ws_McC,"(10,)",1,809.0,"{""10"": 809.0}",True,0.0,"{""10"": 809.0}",0.0,1,0.0,0.0,0.0
30,72,0.5,lazy_MIP_ws_McC,"(13,)",1,659.0,"{""13"": 659.0}",True,0.0,"{""13"": 659.0}",0.0,1,0.0,0.0,0.0
30,72,0.5,lazy_MIP_ws_McC,"(23,)",1,599.0,"{""23"": 599.0}",True,0.0,"{""23"": 599.0}",0.0,1,0.016,0.0,0.0
30,72,0.5,lazy_MIP_ws_McC,"(1, 5)",2,1530.0,"{""1"": 705.0, ""5"": 825.0}",True,0.0,"{""1"": 705.0, ""5"": 825.0}",-10.0,3,0.0,0.0,0.0
30,72,0.5,lazy_MIP_ws_McC,"(2, 9)",2,1357.0,"{""2"": 490.5, ""9"": 866.5}",True,0.0,"{""2"": 490.5, ""9"": 866.5}",-22.5,3,0.016,0.0,0.0
30,72,0.5,lazy_MIP_ws_McC,"(3, 17)",2,1240.0,"{""3"": 647.0, ""17"": 593.0}",True,0.0,"{""3"": 647.0, ""17"": 593.0}",-22.0,3,0.013,0.0,0.003
30,72,0.5,lazy_MIP_ws_McC,"(6, 21)",2,1381.0,"{""6"": 689.5, ""21"": 691.5}",True,0.0,"{""6"": 689.5, ""21"": 691.5}",-14.5,3,0.0,0.0,0.016
30,72,0.5,lazy_MIP_ws_McC,"(8, 14)",2,1376.0,"{""8"": 691.0, ""14"": 685.0}",True,0.0,"{""8"": 691.0, ""14"": 685.0}",-15.0,3,0.0,0.0,0.016
30,72,0.5,lazy_MIP_ws_McC,"(11, 19)",2,1499.0,"{""11"": 756.5, ""19"": 742.5}",True,0.0,"{""11"": 756.5, ""19"": 742.5}",-10.5,3,0.016,0.0,0.0
30,72,0.5,lazy_MIP_ws_McC,"(12, 26)",2,1411.0,"{""12"": 539.5, ""26"": 871.5}",True,0.0,"{""12"": 539.5, ""26"": 871.5}",-6.5,3,0.016,0.0,0.0
30,72,0.5,lazy_MIP_ws_McC,"(15, 22)",2,1461.0,"{""15"": 783.0, ""22"": 678.0}",True,0.0,"{""15"": 783.0, ""22"": 678.0}",-8.0,3,0.0,0.0,0.0
30,72,0.5,lazy_MIP_ws_McC,"(16, 18)",2,1341.0,"{""16"": 677.5, ""18"": 663.5}",True,0.0,"{""16"": 677.5, ""18"": 663.5}",-12.5,3,0.016,0.0,0.0
30,72,0.5,lazy_MIP_ws_McC,"(25, 29)",2,1425.0,"{""25"": 783.0, ""29"": 642.0}",True,0.0,"{""25"": 783.0, ""29"": 642.0}",-22.0,3,0.019,0.0,0.0
30,72,0.5,lazy_MIP_ws_McC,"(27, 28)",2,1196.0,"{""27"": 763.5, ""28"": 432.5}",True,0.0,"{""27"": 763.5, ""28"": 432.5}",-25.5,3,0.013,0.0,0.0
30,72,0.5,lazy_MIP_ws_McC,"(4, 20, 24)",3,1836.0,"{""4"": 568.0, ""20"": 496.0, ""24"": 772.0}",True,0.0,"{""4"": 566.0, ""20"": 495.5, ""24"": 774.5}",-7.0,7,0.032,0.0,0.0
30,72,1.0,lazy_MIP_ws_McC,"(1, 16)",2,1381.0,"{""1"": 705.5, ""16"": 675.5}",True,0.0,"{""1"": 705.5, ""16"": 675.5}",-10.5,3,0.016,0.0,0.0
30,72,1.0,lazy_MIP_ws_McC,"(9, 12)",2,1425.0,"{""9"": 868.0, ""12"": 557.0}",True,0.0,"{""9"": 868.0, ""12"": 557.0}",-24.0,3,0.016,0.0,0.0
30,72,1.0,lazy_MIP_ws_McC,"(14, 19, 20, 27)",4,2726.0,"{""14"": 697.4167, ""19"": 757.5833, ""20"": 498.9167, ""27"": 772.0833}",True,0.0,"{""14"": 697.0, ""19"": 754.0, ""20"": 500.0, ""27"": 775.0}",-7.0,15,0.063,0.0,0.016
30,72,1.0,lazy_MIP_ws_McC,"(10, 15, 21, 25, 26)",5,3961.0,"{""10"": 823.8833, ""15"": 785.8833, ""21"": 689.6333, ""25"": 787.2167, ""26"": 874.3833}",True,0.0,"{""10"": 823.25, ""15"": 784.5, ""21"": 689.0, ""25"": 791.25, ""26"": 873.0}",-3.5,31,0.127,0.0,0.016
30,72,1.0,lazy_MIP_ws_McC,"(5, 7, 13, 18, 22, 24, 28, 29)",8,5509.0,"{""5"": 831.4821, ""7"": 796.8988, ""13"": 673.7536, ""18"": 667.6321, ""22"": 684.4964, ""24"": 775.6345, ""28"": 430.7893, ""29"": 648.3131}",False,0.877381,"{""5"": 831.1, ""7"": 794.0, ""13"": 675.1, ""18"": 667.2, ""22"": 685.2, ""24"": 779.2, ""28"": 430.2, ""29"": 647.0}",-1.6,255,1.478,0.0,0.159
30,72,1.0,lazy_MIP_ws_McC,"(0, 2, 3, 4, 6, 8, 11, 17, 23)",9,5864.0,"{""0"": 785.2119, ""2"": 499.5012, ""3"": 646.6048, ""4"": 568.3452, ""6"": 704.1321, ""8"": 691.8429, ""11"": 765.9274, ""17"": 593.481, ""23"": 608.9536}",False,3.161905,"{""0"": 785.2143, ""2"": 500.7143, ""3"": 645.5, ""4"": 566.2857, ""6"": 703.7143, ""8"": 690.2857, ""11"": 766.8571, ""17"": 595.5714, ""23"": 609.8571}",0.0,511,2.882,0.0,0.332
